code_entree;gare_entree;code_sortie;gare_sortie;distance_km;tarif_classe_1;tarif_classe_2;tarif_classe_3;tarif_classe_4;tarif_classe_5
15018;ST MARTIN BELLEVUE A41 N;3001;ST QUENTIN FAL. BARRIERE;159.0;26.6;43.7;63.6;81.6;13.6
15018;ST MARTIN BELLEVUE A41 N;3002;ST QUENTIN FAL. BRETELLE;138.0;23.8;39.1;57.9;75.4;12.2
15018;ST MARTIN BELLEVUE A41 N;3003;ISLE D'ABEAU CENTRE;128.0;22.3;36.4;53.8;69.1;11.2
15018;ST MARTIN BELLEVUE A41 N;3004;BOURGOIN;122.0;21.4;35.1;51.0;67.1;11.0
15018;ST MARTIN BELLEVUE A41 N;3005;LA TOUR DU PIN;113.0;20.0;33.8;49.5;62.9;10.3
15018;ST MARTIN BELLEVUE A41 N;3006;LES ABRETS;98.0;19.0;31.9;45.9;60.1;9.7
15018;ST MARTIN BELLEVUE A41 N;3007;AIGUEBELETTE;81.0;16.6;27.7;40.5;51.7;8.8
15018;ST MARTIN BELLEVUE A41 N;3008;CHAMBERY NORD;71.0;15.0;25.8;37.5;47.9;7.7
15018;ST MARTIN BELLEVUE A41 N;3009;AIX SUD;64.0;13.3;22.8;33.3;43.0;7.1
15018;ST MARTIN BELLEVUE A41 N;3010;AIX NORD;57.0;12.7;22.0;32.0;41.0;6.6
15018;ST MARTIN BELLEVUE A41 N;3011;RUMILLY;44.0;11.4;20.1;29.8;37.2;5.9
15018;ST MARTIN BELLEVUE A41 N;3012;ANNECY CENTRE;31.0;10.0;17.7;26.9;32.8;5.3
15018;ST MARTIN BELLEVUE A41 N;3013;ANNECY NORD;26.0;9.2;16.7;24.9;31.1;5.0
15018;ST MARTIN BELLEVUE A41 N;3020;SEYNOD SUD;37.0;10.4;18.8;27.5;34.9;5.5
15018;ST MARTIN BELLEVUE A41 N;3061;SAINT GENIX SUR GUIERS;94.0;18.6;30.6;43.8;58.0;9.3
15018;ST MARTIN BELLEVUE A41 N;3062;VILLEFONTAINE;134.0;23.0;37.9;55.4;72.6;11.7
15018;ST MARTIN BELLEVUE A41 N;3083;MOIRANS NORD;158.0;23.7;39.4;56.9;73.4;12.1
15018;ST MARTIN BELLEVUE A41 N;3085;RIVES;143.0;22.4;36.9;53.5;69.8;11.3
15018;ST MARTIN BELLEVUE A41 N;3086;VOIRON;154.0;23.1;38.4;55.6;71.9;11.9
15018;ST MARTIN BELLEVUE A41 N;3087;VOREPPE BARRIERE;178.0;26.2;42.8;61.3;79.3;13.7
15018;ST MARTIN BELLEVUE A41 N;3091;CHATUZANGE BARRIERE;224.0;33.5;54.0;77.0;100.1;17.4
15018;ST MARTIN BELLEVUE A41 N;3092;LA BAUME D'HOSTUN;208.0;29.4;48.6;69.8;91.7;15.3
15018;ST MARTIN BELLEVUE A41 N;3093;SAINT MARCELLIN;195.0;28.0;45.7;66.0;86.0;14.5
15018;ST MARTIN BELLEVUE A41 N;3094;VINAY;185.0;26.6;43.6;63.0;81.7;13.8
15018;ST MARTIN BELLEVUE A41 N;3095;TULLINS;171.0;25.2;41.2;59.6;77.1;12.9
2050;ST PIERRE BELLEVILLE;3021;CROLLES BARRIERE;74.85;10.0;15.6;23.9;32.3;5.5
2050;ST PIERRE BELLEVILLE;3022;CROLLES BRIGNOUD;61.85;9.3;14.3;19.4;25.9;5.1
2050;ST PIERRE BELLEVILLE;3023;LE TOUVET;50.85;6.6;10.6;17.1;21.6;3.6
2050;ST PIERRE BELLEVILLE;3024;PONTCHARRA;41.85;6.2;9.4;14.8;19.1;3.2
2050;ST PIERRE BELLEVILLE;3025;CHIGNIN LES MARCHES;38.85;4.9;7.8;12.8;16.7;2.9
2050;ST PIERRE BELLEVILLE;3026;CHIGNIN BARRIERE;44.85;6.3;10.0;17.0;22.0;3.4
2050;ST PIERRE BELLEVILLE;3031;MONTMELIAN;31.85;4.3;6.6;11.0;14.0;2.5
2050;ST PIERRE BELLEVILLE;3033;AITON;13.85;2.1;3.3;6.3;7.5;1.4
2050;ST PIERRE BELLEVILLE;3034;STE HELENE BARRIERE;30.85;4.0;6.5;11.3;13.9;2.5
2051;STE MARIE DE CUINES;3021;CROLLES BARRIERE;90.33;12.8;19.3;30.9;41.3;6.9
2051;STE MARIE DE CUINES;3022;CROLLES BRIGNOUD;77.33;12.1;18.0;26.4;34.9;6.5
2051;STE MARIE DE CUINES;3023;LE TOUVET;66.33;9.4;14.3;24.1;30.6;5.0
2051;STE MARIE DE CUINES;3024;PONTCHARRA;57.33;9.0;13.1;21.8;28.1;4.6
2051;STE MARIE DE CUINES;3025;CHIGNIN LES MARCHES;54.33;7.7;11.5;19.8;25.7;4.3
2051;STE MARIE DE CUINES;3026;CHIGNIN BARRIERE;60.33;9.1;13.7;24.0;31.0;4.8
2051;STE MARIE DE CUINES;3031;MONTMELIAN;47.33;7.1;10.3;18.0;23.0;3.9
2051;STE MARIE DE CUINES;3033;AITON;29.33;4.9;7.0;13.3;16.5;2.8
2051;STE MARIE DE CUINES;3034;STE HELENE BARRIERE;46.33;6.8;10.2;18.3;22.9;3.9
2052;HERMILLON;3021;CROLLES BARRIERE;97.23;13.7;20.8;33.9;45.6;7.4
2052;HERMILLON;3022;CROLLES BRIGNOUD;84.23;13.0;19.5;29.4;39.2;7.0
2052;HERMILLON;3023;LE TOUVET;73.23;10.3;15.8;27.1;34.9;5.5
2052;HERMILLON;3024;PONTCHARRA;64.23;9.9;14.6;24.8;32.4;5.1
2052;HERMILLON;3025;CHIGNIN LES MARCHES;61.23;8.6;13.0;22.8;30.0;4.8
2052;HERMILLON;3026;CHIGNIN BARRIERE;67.23;10.0;15.2;27.0;35.3;5.3
2052;HERMILLON;3031;MONTMELIAN;54.23;8.0;11.8;21.0;27.3;4.4
2052;HERMILLON;3033;AITON;36.23;5.8;8.5;16.3;20.8;3.3
2052;HERMILLON;3034;STE HELENE BARRIERE;53.23;7.7;11.7;21.3;27.2;4.4
2054;ST MICHEL MAURIENNE ECH;3021;CROLLES BARRIERE;110.43;16.0;24.1;39.8;54.0;8.8
2054;ST MICHEL MAURIENNE ECH;3022;CROLLES BRIGNOUD;97.43;15.3;22.8;35.3;47.6;8.4
2054;ST MICHEL MAURIENNE ECH;3023;LE TOUVET;86.43;12.6;19.1;33.0;43.3;6.9
2054;ST MICHEL MAURIENNE ECH;3024;PONTCHARRA;77.43;12.2;17.9;30.7;40.8;6.5
2054;ST MICHEL MAURIENNE ECH;3025;CHIGNIN LES MARCHES;74.43;10.9;16.3;28.7;38.4;6.2
2054;ST MICHEL MAURIENNE ECH;3026;CHIGNIN BARRIERE;80.43;12.3;18.5;32.9;43.7;6.7
2054;ST MICHEL MAURIENNE ECH;3031;MONTMELIAN;67.43;10.3;15.1;26.9;35.7;5.8
2054;ST MICHEL MAURIENNE ECH;3033;AITON;49.43;8.1;11.8;22.2;29.2;4.7
2054;ST MICHEL MAURIENNE ECH;3034;STE HELENE BARRIERE;66.43;10.0;15.0;27.2;35.6;5.8
2056;ST MICHEL MAURIENNE BAR;3021;CROLLES BARRIERE;124.36;18.1;27.2;49.2;66.3;10.4
2056;ST MICHEL MAURIENNE BAR;3022;CROLLES BRIGNOUD;111.36;17.4;25.9;44.7;59.9;10.0
2056;ST MICHEL MAURIENNE BAR;3023;LE TOUVET;100.36;14.7;22.2;42.4;55.6;8.5
2056;ST MICHEL MAURIENNE BAR;3024;PONTCHARRA;91.36;14.3;21.0;40.1;53.1;8.1
2056;ST MICHEL MAURIENNE BAR;3025;CHIGNIN LES MARCHES;88.36;13.0;19.4;38.1;50.7;7.8
2056;ST MICHEL MAURIENNE BAR;3026;CHIGNIN BARRIERE;94.36;14.4;21.6;42.3;56.0;8.3
2056;ST MICHEL MAURIENNE BAR;3031;MONTMELIAN;81.36;12.4;18.2;36.3;48.0;7.4
2056;ST MICHEL MAURIENNE BAR;3033;AITON;63.36;10.2;14.9;31.6;41.5;6.3
2056;ST MICHEL MAURIENNE BAR;3034;STE HELENE BARRIERE;80.36;12.1;18.1;36.6;47.9;7.4
3001;ST QUENTIN FAL. BARRIERE;15018;ST MARTIN BELLEVUE A41 N;159.0;26.6;43.7;63.6;81.6;13.6
3001;ST QUENTIN FAL. BARRIERE;3003;ISLE D'ABEAU CENTRE;31.0;3.7;6.0;8.3;11.3;1.8
3001;ST QUENTIN FAL. BARRIERE;3004;BOURGOIN;37.0;4.5;6.9;9.3;13.3;2.2
3001;ST QUENTIN FAL. BARRIERE;3005;LA TOUR DU PIN;46.0;6.5;10.7;15.2;18.8;3.3
3001;ST QUENTIN FAL. BARRIERE;3006;LES ABRETS;61.0;8.4;13.1;19.7;24.6;4.3
3001;ST QUENTIN FAL. BARRIERE;3007;AIGUEBELETTE;78.0;10.9;16.1;22.9;30.6;5.4
3001;ST QUENTIN FAL. BARRIERE;3008;CHAMBERY NORD;88.0;13.3;21.1;31.3;40.8;6.3
3001;ST QUENTIN FAL. BARRIERE;3009;AIX SUD;95.0;14.0;21.1;31.5;40.8;6.6
3001;ST QUENTIN FAL. BARRIERE;3010;AIX NORD;102.0;14.3;21.9;32.5;42.7;6.8
3001;ST QUENTIN FAL. BARRIERE;3011;RUMILLY;115.0;15.2;23.6;35.0;46.0;7.5
3001;ST QUENTIN FAL. BARRIERE;3012;ANNECY CENTRE;128.0;17.5;27.0;39.3;51.4;8.8
3001;ST QUENTIN FAL. BARRIERE;3013;ANNECY NORD;133.0;18.2;27.4;40.2;51.9;8.8
3001;ST QUENTIN FAL. BARRIERE;3014;ALLONZIER;140.0;18.4;28.4;40.9;53.5;9.1
3001;ST QUENTIN FAL. BARRIERE;3015;ST MARTIN BELLEVUE A410;165.0;22.3;34.6;49.7;65.8;11.1
3001;ST QUENTIN FAL. BARRIERE;3020;SEYNOD SUD;122.0;16.2;24.8;36.2;47.5;7.8
3001;ST QUENTIN FAL. BARRIERE;3061;SAINT GENIX SUR GUIERS;65.0;9.1;13.6;20.2;26.6;4.5
3001;ST QUENTIN FAL. BARRIERE;3062;VILLEFONTAINE;25.0;3.0;4.6;6.4;8.5;1.5
3001;ST QUENTIN FAL. BARRIERE;3072;LA TOUR DU PIN EST;49.0;6.8;10.9;15.8;20.2;3.4
3001;ST QUENTIN FAL. BARRIERE;3083;MOIRANS NORD;80.0;11.3;17.9;25.4;34.1;5.6
3001;ST QUENTIN FAL. BARRIERE;3085;RIVES;65.0;9.2;14.3;20.5;27.4;4.5
3001;ST QUENTIN FAL. BARRIERE;3086;VOIRON;76.0;10.8;15.9;22.7;30.1;5.3
3001;ST QUENTIN FAL. BARRIERE;3087;VOREPPE BARRIERE;100.0;13.6;21.6;30.2;40.8;6.7
3001;ST QUENTIN FAL. BARRIERE;3091;CHATUZANGE BARRIERE;146.0;18.8;28.5;40.5;54.6;9.3
3001;ST QUENTIN FAL. BARRIERE;3092;LA BAUME D'HOSTUN;130.0;16.0;24.8;35.4;47.4;7.8
3001;ST QUENTIN FAL. BARRIERE;3093;SAINT MARCELLIN;117.0;14.7;22.3;31.9;41.6;7.3
3001;ST QUENTIN FAL. BARRIERE;3094;VINAY;107.0;13.5;20.3;29.1;38.5;6.6
3001;ST QUENTIN FAL. BARRIERE;3095;TULLINS;93.0;11.7;17.8;25.5;32.9;6.0
3002;ST QUENTIN FAL. BRETELLE;15018;ST MARTIN BELLEVUE A41 N;138.0;23.8;39.1;57.9;75.4;12.2
3002;ST QUENTIN FAL. BRETELLE;3003;ISLE D'ABEAU CENTRE;10.0;1.1;1.8;3.4;4.7;0.6
3002;ST QUENTIN FAL. BRETELLE;3004;BOURGOIN;16.0;1.8;3.2;4.9;6.8;0.9
3002;ST QUENTIN FAL. BRETELLE;3005;LA TOUR DU PIN;25.0;3.7;6.0;8.7;10.5;1.6
3002;ST QUENTIN FAL. BRETELLE;3006;LES ABRETS;40.0;5.6;8.0;12.3;15.9;2.6
3002;ST QUENTIN FAL. BRETELLE;3007;AIGUEBELETTE;57.0;7.3;11.3;16.5;21.7;3.6
3002;ST QUENTIN FAL. BRETELLE;3008;CHAMBERY NORD;67.0;10.3;16.1;23.6;31.9;5.0
3002;ST QUENTIN FAL. BRETELLE;3009;AIX SUD;74.0;10.4;16.3;23.7;32.3;5.0
3002;ST QUENTIN FAL. BRETELLE;3010;AIX NORD;81.0;10.8;16.8;24.9;33.7;5.3
3002;ST QUENTIN FAL. BRETELLE;3011;RUMILLY;94.0;12.0;18.7;27.6;38.5;5.9
3002;ST QUENTIN FAL. BRETELLE;3012;ANNECY CENTRE;107.0;14.0;21.9;32.2;43.6;7.0
3002;ST QUENTIN FAL. BRETELLE;3013;ANNECY NORD;112.0;14.7;22.8;33.2;45.2;7.2
3002;ST QUENTIN FAL. BRETELLE;3014;ALLONZIER;119.0;15.6;23.8;35.2;47.3;7.7
3002;ST QUENTIN FAL. BRETELLE;3015;ST MARTIN BELLEVUE A410;144.0;19.2;29.5;43.1;58.6;9.5
3002;ST QUENTIN FAL. BRETELLE;3020;SEYNOD SUD;101.0;12.9;19.9;29.4;39.6;6.2
3002;ST QUENTIN FAL. BRETELLE;3061;SAINT GENIX SUR GUIERS;44.0;6.1;9.0;12.8;17.6;2.7
3002;ST QUENTIN FAL. BRETELLE;3062;VILLEFONTAINE;4.0;0.5;0.7;1.1;1.4;0.3
3002;ST QUENTIN FAL. BRETELLE;3072;LA TOUR DU PIN EST;28.0;3.9;6.5;9.2;11.8;1.9
3002;ST QUENTIN FAL. BRETELLE;3083;MOIRANS NORD;59.0;8.5;13.1;19.2;25.1;4.2
3002;ST QUENTIN FAL. BRETELLE;3085;RIVES;44.0;6.3;9.1;13.3;18.8;2.7
3002;ST QUENTIN FAL. BRETELLE;3086;VOIRON;55.0;7.1;10.9;15.7;21.9;3.6
3002;ST QUENTIN FAL. BRETELLE;3087;VOREPPE BARRIERE;79.0;10.9;16.8;24.3;31.9;5.3
3002;ST QUENTIN FAL. BRETELLE;3091;CHATUZANGE BARRIERE;125.0;16.5;25.1;36.4;48.8;8.1
3002;ST QUENTIN FAL. BRETELLE;3092;LA BAUME D'HOSTUN;109.0;13.4;20.8;29.8;42.0;6.7
3002;ST QUENTIN FAL. BRETELLE;3093;SAINT MARCELLIN;96.0;11.8;18.3;26.2;36.2;5.9
3002;ST QUENTIN FAL. BRETELLE;3094;VINAY;86.0;10.4;16.5;23.6;32.2;5.3
3002;ST QUENTIN FAL. BRETELLE;3095;TULLINS;72.0;9.0;13.9;20.0;27.1;4.4
3003;ISLE D'ABEAU CENTRE;15018;ST MARTIN BELLEVUE A41 N;128.0;22.3;36.4;53.8;69.1;11.2
3003;ISLE D'ABEAU CENTRE;3001;ST QUENTIN FAL. BARRIERE;31.0;3.7;6.0;8.3;11.3;1.8
3003;ISLE D'ABEAU CENTRE;3002;ST QUENTIN FAL. BRETELLE;10.0;1.1;1.8;3.4;4.7;0.6
3003;ISLE D'ABEAU CENTRE;3004;BOURGOIN;6.0;0.7;1.2;1.6;2.1;0.4
3003;ISLE D'ABEAU CENTRE;3005;LA TOUR DU PIN;15.0;2.2;3.6;5.3;6.3;1.0
3003;ISLE D'ABEAU CENTRE;3006;LES ABRETS;30.0;4.0;6.2;9.0;11.7;2.0
3003;ISLE D'ABEAU CENTRE;3007;AIGUEBELETTE;47.0;6.1;9.4;13.7;17.7;2.8
3003;ISLE D'ABEAU CENTRE;3008;CHAMBERY NORD;57.0;8.7;13.1;19.2;25.5;4.4
3003;ISLE D'ABEAU CENTRE;3009;AIX SUD;64.0;9.4;13.9;20.4;27.8;4.5
3003;ISLE D'ABEAU CENTRE;3010;AIX NORD;71.0;9.7;15.1;21.6;29.3;4.7
3003;ISLE D'ABEAU CENTRE;3011;RUMILLY;84.0;10.9;16.7;24.2;32.8;5.4
3003;ISLE D'ABEAU CENTRE;3012;ANNECY CENTRE;97.0;12.8;19.7;28.1;38.7;6.1
3003;ISLE D'ABEAU CENTRE;3013;ANNECY NORD;102.0;13.0;20.4;29.5;39.6;6.2
3003;ISLE D'ABEAU CENTRE;3014;ALLONZIER;109.0;14.1;21.1;31.1;41.0;6.7
3003;ISLE D'ABEAU CENTRE;3015;ST MARTIN BELLEVUE A410;134.0;17.3;27.0;38.6;51.8;8.5
3003;ISLE D'ABEAU CENTRE;3020;SEYNOD SUD;91.0;11.7;17.9;25.9;35.3;5.6
3003;ISLE D'ABEAU CENTRE;3061;SAINT GENIX SUR GUIERS;34.0;4.5;6.9;9.9;13.2;2.0
3003;ISLE D'ABEAU CENTRE;3062;VILLEFONTAINE;6.0;0.7;1.0;1.5;2.2;0.3
3003;ISLE D'ABEAU CENTRE;3072;LA TOUR DU PIN EST;18.0;2.6;4.1;6.3;7.2;1.2
3003;ISLE D'ABEAU CENTRE;3083;MOIRANS NORD;49.0;6.9;10.5;14.8;20.0;3.3
3003;ISLE D'ABEAU CENTRE;3085;RIVES;34.0;5.1;6.9;10.6;14.0;2.0
3003;ISLE D'ABEAU CENTRE;3086;VOIRON;45.0;6.3;9.1;13.3;17.5;2.6
3003;ISLE D'ABEAU CENTRE;3087;VOREPPE BARRIERE;69.0;9.2;13.5;19.2;26.0;4.7
3003;ISLE D'ABEAU CENTRE;3091;CHATUZANGE BARRIERE;115.0;15.3;23.5;33.6;44.2;7.4
3003;ISLE D'ABEAU CENTRE;3092;LA BAUME D'HOSTUN;99.0;12.2;18.9;27.6;36.6;6.0
3003;ISLE D'ABEAU CENTRE;3093;SAINT MARCELLIN;86.0;10.7;16.5;23.6;31.4;5.1
3003;ISLE D'ABEAU CENTRE;3094;VINAY;76.0;9.5;14.4;20.7;27.7;4.4
3003;ISLE D'ABEAU CENTRE;3095;TULLINS;62.0;7.7;11.8;17.5;22.4;3.7
3004;BOURGOIN;15018;ST MARTIN BELLEVUE A41 N;122.0;21.4;35.1;51.0;67.1;11.0
3004;BOURGOIN;3001;ST QUENTIN FAL. BARRIERE;37.0;4.5;6.9;9.3;13.3;2.2
3004;BOURGOIN;3002;ST QUENTIN FAL. BRETELLE;16.0;1.8;3.2;4.9;6.8;0.9
3004;BOURGOIN;3003;ISLE D'ABEAU CENTRE;6.0;0.7;1.2;1.6;2.1;0.4
3004;BOURGOIN;3005;LA TOUR DU PIN;9.0;1.1;2.0;3.0;4.3;0.6
3004;BOURGOIN;3006;LES ABRETS;24.0;3.2;5.1;6.8;8.6;1.5
3004;BOURGOIN;3007;AIGUEBELETTE;41.0;5.3;7.8;11.2;14.6;2.5
3004;BOURGOIN;3008;CHAMBERY NORD;51.0;7.5;11.9;17.4;22.8;4.1
3004;BOURGOIN;3009;AIX SUD;58.0;8.2;12.5;18.5;23.9;4.1
3004;BOURGOIN;3010;AIX NORD;65.0;9.5;13.6;20.0;27.3;4.4
3004;BOURGOIN;3011;RUMILLY;78.0;10.8;16.4;23.1;31.1;5.0
3004;BOURGOIN;3012;ANNECY CENTRE;91.0;12.0;17.9;25.4;34.8;6.0
3004;BOURGOIN;3013;ANNECY NORD;96.0;12.3;19.0;27.1;36.8;6.1
3004;BOURGOIN;3014;ALLONZIER;103.0;13.2;19.8;28.3;39.0;6.5
3004;BOURGOIN;3015;ST MARTIN BELLEVUE A410;128.0;16.5;25.0;35.0;48.5;8.3
3004;BOURGOIN;3020;SEYNOD SUD;85.0;11.1;17.0;24.3;33.0;5.4
3004;BOURGOIN;3061;SAINT GENIX SUR GUIERS;28.0;3.8;5.9;7.8;10.7;1.8
3004;BOURGOIN;3062;VILLEFONTAINE;12.0;1.3;2.3;3.6;4.5;0.7
3004;BOURGOIN;3072;LA TOUR DU PIN EST;12.0;1.5;2.5;3.8;5.4;0.7
3004;BOURGOIN;3083;MOIRANS NORD;43.0;5.0;7.8;11.6;15.8;2.5
3004;BOURGOIN;3085;RIVES;28.0;3.2;5.4;7.4;9.8;1.6
3004;BOURGOIN;3086;VOIRON;39.0;4.4;7.1;10.2;13.2;2.3
3004;BOURGOIN;3087;VOREPPE BARRIERE;63.0;7.1;10.9;15.4;21.3;3.6
3004;BOURGOIN;3091;CHATUZANGE BARRIERE;109.0;15.2;22.4;31.6;43.4;7.5
3004;BOURGOIN;3092;LA BAUME D'HOSTUN;93.0;11.6;18.0;25.5;34.9;5.8
3004;BOURGOIN;3093;SAINT MARCELLIN;80.0;9.8;15.4;21.9;29.6;4.8
3004;BOURGOIN;3094;VINAY;70.0;8.6;13.3;18.7;24.4;4.2
3004;BOURGOIN;3095;TULLINS;56.0;6.9;10.7;15.0;19.5;3.4
3005;LA TOUR DU PIN;15018;ST MARTIN BELLEVUE A41 N;113.0;20.0;33.8;49.5;62.9;10.3
3005;LA TOUR DU PIN;3001;ST QUENTIN FAL. BARRIERE;46.0;6.5;10.7;15.2;18.8;3.3
3005;LA TOUR DU PIN;3002;ST QUENTIN FAL. BRETELLE;25.0;3.7;6.0;8.7;10.5;1.6
3005;LA TOUR DU PIN;3003;ISLE D'ABEAU CENTRE;15.0;2.2;3.6;5.3;6.3;1.0
3005;LA TOUR DU PIN;3004;BOURGOIN;9.0;1.1;2.0;3.0;4.3;0.6
3005;LA TOUR DU PIN;3006;LES ABRETS;15.0;1.8;3.0;4.5;6.1;0.9
3005;LA TOUR DU PIN;3007;AIGUEBELETTE;32.0;4.0;6.4;8.9;11.7;1.9
3005;LA TOUR DU PIN;3008;CHAMBERY NORD;42.0;6.2;9.9;14.3;19.4;3.3
3005;LA TOUR DU PIN;3009;AIX SUD;49.0;6.8;10.8;15.2;20.3;3.5
3005;LA TOUR DU PIN;3010;AIX NORD;56.0;7.9;12.2;17.8;23.6;4.0
3005;LA TOUR DU PIN;3011;RUMILLY;69.0;9.6;14.3;20.6;28.2;4.5
3005;LA TOUR DU PIN;3012;ANNECY CENTRE;82.0;11.1;16.7;23.6;32.3;5.5
3005;LA TOUR DU PIN;3013;ANNECY NORD;87.0;11.5;17.4;25.0;33.7;5.6
3005;LA TOUR DU PIN;3014;ALLONZIER;94.0;11.8;18.5;26.8;34.8;5.8
3005;LA TOUR DU PIN;3015;ST MARTIN BELLEVUE A410;119.0;15.7;24.2;34.3;45.4;7.6
3005;LA TOUR DU PIN;3020;SEYNOD SUD;76.0;10.1;15.4;21.9;30.4;4.8
3005;LA TOUR DU PIN;3061;SAINT GENIX SUR GUIERS;19.0;2.3;3.8;5.6;7.0;1.2
3005;LA TOUR DU PIN;3062;VILLEFONTAINE;21.0;3.0;4.4;6.6;7.9;1.4
3005;LA TOUR DU PIN;3072;LA TOUR DU PIN EST;3.0;0.4;0.6;0.8;0.9;0.2
3005;LA TOUR DU PIN;3083;MOIRANS NORD;45.0;6.0;9.3;12.8;17.4;3.2
3005;LA TOUR DU PIN;3085;RIVES;30.0;3.9;6.0;8.4;11.3;1.8
3005;LA TOUR DU PIN;3086;VOIRON;41.0;5.5;7.9;11.4;14.7;2.4
3005;LA TOUR DU PIN;3087;VOREPPE BARRIERE;65.0;8.2;12.4;17.3;23.3;4.3
3005;LA TOUR DU PIN;3091;CHATUZANGE BARRIERE;111.0;15.3;22.9;32.1;43.8;7.4
3005;LA TOUR DU PIN;3092;LA BAUME D'HOSTUN;95.0;11.8;18.0;26.8;35.7;5.8
3005;LA TOUR DU PIN;3093;SAINT MARCELLIN;82.0;10.2;15.7;22.3;30.1;5.0
3005;LA TOUR DU PIN;3094;VINAY;72.0;8.9;13.4;19.1;25.0;4.2
3005;LA TOUR DU PIN;3095;TULLINS;58.0;7.2;10.8;15.3;20.3;3.5
3006;LES ABRETS;15018;ST MARTIN BELLEVUE A41 N;98.0;19.0;31.9;45.9;60.1;9.7
3006;LES ABRETS;3001;ST QUENTIN FAL. BARRIERE;61.0;8.4;13.1;19.7;24.6;4.3
3006;LES ABRETS;3002;ST QUENTIN FAL. BRETELLE;40.0;5.6;8.0;12.3;15.9;2.6
3006;LES ABRETS;3003;ISLE D'ABEAU CENTRE;30.0;4.0;6.2;9.0;11.7;2.0
3006;LES ABRETS;3004;BOURGOIN;24.0;3.2;5.1;6.8;8.6;1.5
3006;LES ABRETS;3005;LA TOUR DU PIN;15.0;1.8;3.0;4.5;6.1;0.9
3006;LES ABRETS;3007;AIGUEBELETTE;17.0;2.1;3.6;4.9;6.3;1.0
3006;LES ABRETS;3008;CHAMBERY NORD;27.0;4.5;6.6;9.7;14.4;2.1
3006;LES ABRETS;3009;AIX SUD;34.0;5.3;7.7;11.5;15.4;2.3
3006;LES ABRETS;3010;AIX NORD;41.0;6.2;9.4;13.6;18.5;2.9
3006;LES ABRETS;3011;RUMILLY;54.0;7.9;11.5;17.1;22.9;3.9
3006;LES ABRETS;3012;ANNECY CENTRE;67.0;10.0;15.0;20.8;27.9;4.8
3006;LES ABRETS;3013;ANNECY NORD;72.0;10.4;15.7;21.4;30.0;4.9
3006;LES ABRETS;3014;ALLONZIER;79.0;10.8;16.6;23.2;32.0;5.2
3006;LES ABRETS;3015;ST MARTIN BELLEVUE A410;104.0;14.7;21.4;31.5;41.6;6.9
3006;LES ABRETS;3020;SEYNOD SUD;61.0;9.0;13.2;19.1;25.2;4.3
3006;LES ABRETS;3061;SAINT GENIX SUR GUIERS;4.0;0.5;0.8;1.0;1.4;0.3
3006;LES ABRETS;3062;VILLEFONTAINE;36.0;4.8;7.0;10.7;13.2;2.2
3006;LES ABRETS;3083;MOIRANS NORD;60.0;7.3;11.3;16.2;20.3;3.6
3006;LES ABRETS;3085;RIVES;45.0;5.5;8.4;12.2;16.0;2.5
3006;LES ABRETS;3086;VOIRON;56.0;6.4;9.9;14.4;18.2;3.2
3006;LES ABRETS;3087;VOREPPE BARRIERE;80.0;9.4;14.9;20.8;26.9;4.7
3006;LES ABRETS;3091;CHATUZANGE BARRIERE;126.0;16.5;25.0;35.3;47.0;7.8
3006;LES ABRETS;3092;LA BAUME D'HOSTUN;110.0;12.9;20.0;28.5;39.2;6.5
3006;LES ABRETS;3093;SAINT MARCELLIN;97.0;11.2;17.5;25.2;34.2;5.7
3006;LES ABRETS;3094;VINAY;87.0;10.0;15.3;21.3;28.9;5.1
3006;LES ABRETS;3095;TULLINS;73.0;8.8;12.9;19.0;24.0;4.1
3007;AIGUEBELETTE;15018;ST MARTIN BELLEVUE A41 N;81.0;16.6;27.7;40.5;51.7;8.8
3007;AIGUEBELETTE;3001;ST QUENTIN FAL. BARRIERE;78.0;10.9;16.1;22.9;30.6;5.4
3007;AIGUEBELETTE;3002;ST QUENTIN FAL. BRETELLE;57.0;7.3;11.3;16.5;21.7;3.6
3007;AIGUEBELETTE;3003;ISLE D'ABEAU CENTRE;47.0;6.1;9.4;13.7;17.7;2.8
3007;AIGUEBELETTE;3004;BOURGOIN;41.0;5.3;7.8;11.2;14.6;2.5
3007;AIGUEBELETTE;3005;LA TOUR DU PIN;32.0;4.0;6.4;8.9;11.7;1.9
3007;AIGUEBELETTE;3006;LES ABRETS;17.0;2.1;3.6;4.9;6.3;1.0
3007;AIGUEBELETTE;3008;CHAMBERY NORD;10.0;1.6;2.6;3.8;5.1;0.8
3007;AIGUEBELETTE;3009;AIX SUD;17.0;2.9;4.4;6.2;8.3;1.2
3007;AIGUEBELETTE;3010;AIX NORD;24.0;3.5;5.4;7.5;10.1;1.6
3007;AIGUEBELETTE;3011;RUMILLY;37.0;5.5;7.9;11.5;15.1;2.3
3007;AIGUEBELETTE;3012;ANNECY CENTRE;50.0;6.9;10.4;15.0;20.0;3.5
3007;AIGUEBELETTE;3013;ANNECY NORD;55.0;7.2;11.1;15.8;21.7;3.5
3007;AIGUEBELETTE;3014;ALLONZIER;62.0;8.4;12.4;17.8;23.6;4.3
3007;AIGUEBELETTE;3015;ST MARTIN BELLEVUE A410;87.0;11.6;17.6;24.9;34.0;5.8
3007;AIGUEBELETTE;3020;SEYNOD SUD;44.0;6.1;9.5;13.3;17.6;2.9
3007;AIGUEBELETTE;3061;SAINT GENIX SUR GUIERS;13.0;1.6;2.5;4.2;5.9;0.8
3007;AIGUEBELETTE;3062;VILLEFONTAINE;53.0;6.8;10.4;15.1;19.4;3.3
3007;AIGUEBELETTE;3083;MOIRANS NORD;77.0;9.0;13.2;19.2;25.4;4.2
3007;AIGUEBELETTE;3085;RIVES;62.0;7.2;10.9;15.3;20.2;3.4
3007;AIGUEBELETTE;3086;VOIRON;73.0;8.5;12.4;18.0;23.6;4.0
3007;AIGUEBELETTE;3087;VOREPPE BARRIERE;97.0;10.6;16.4;23.0;31.3;5.4
3007;AIGUEBELETTE;3091;CHATUZANGE BARRIERE;143.0;17.2;26.7;38.0;50.2;9.0
3007;AIGUEBELETTE;3092;LA BAUME D'HOSTUN;127.0;14.4;22.3;32.5;43.3;7.1
3007;AIGUEBELETTE;3093;SAINT MARCELLIN;114.0;12.7;19.9;28.7;37.8;6.3
3007;AIGUEBELETTE;3094;VINAY;104.0;11.7;17.8;25.9;34.2;5.7
3007;AIGUEBELETTE;3095;TULLINS;90.0;10.3;15.4;22.1;29.6;5.0
3008;CHAMBERY NORD;15018;ST MARTIN BELLEVUE A41 N;71.0;15.0;25.8;37.5;47.9;7.7
3008;CHAMBERY NORD;3001;ST QUENTIN FAL. BARRIERE;88.0;13.3;21.1;31.3;40.8;6.3
3008;CHAMBERY NORD;3002;ST QUENTIN FAL. BRETELLE;67.0;10.3;16.1;23.6;31.9;5.0
3008;CHAMBERY NORD;3003;ISLE D'ABEAU CENTRE;57.0;8.7;13.1;19.2;25.5;4.4
3008;CHAMBERY NORD;3004;BOURGOIN;51.0;7.5;11.9;17.4;22.8;4.1
3008;CHAMBERY NORD;3005;LA TOUR DU PIN;42.0;6.2;9.9;14.3;19.4;3.3
3008;CHAMBERY NORD;3006;LES ABRETS;27.0;4.5;6.6;9.7;14.4;2.1
3008;CHAMBERY NORD;3007;AIGUEBELETTE;10.0;1.6;2.6;3.8;5.1;0.8
3008;CHAMBERY NORD;3009;AIX SUD;7.0;1.0;1.4;2.3;3.3;0.4
3008;CHAMBERY NORD;3010;AIX NORD;14.0;2.0;3.1;4.5;6.0;0.9
3008;CHAMBERY NORD;3011;RUMILLY;27.0;3.6;5.6;7.7;10.5;1.6
3008;CHAMBERY NORD;3012;ANNECY CENTRE;40.0;5.5;8.2;12.1;17.0;2.5
3008;CHAMBERY NORD;3013;ANNECY NORD;45.0;5.8;9.3;12.9;17.6;2.8
3008;CHAMBERY NORD;3014;ALLONZIER;52.0;6.8;10.5;14.8;19.8;3.2
3008;CHAMBERY NORD;3015;ST MARTIN BELLEVUE A410;77.0;10.6;16.3;22.8;31.8;5.1
3008;CHAMBERY NORD;3020;SEYNOD SUD;34.0;4.4;6.8;9.8;13.6;2.2
3008;CHAMBERY NORD;3061;SAINT GENIX SUR GUIERS;23.0;3.8;5.8;8.7;11.9;1.6
3008;CHAMBERY NORD;3062;VILLEFONTAINE;63.0;9.6;14.1;20.5;27.9;4.4
3008;CHAMBERY NORD;3083;MOIRANS NORD;87.0;10.9;16.4;23.8;31.8;5.3
3008;CHAMBERY NORD;3085;RIVES;72.0;9.1;14.0;20.5;27.7;4.5
3008;CHAMBERY NORD;3086;VOIRON;83.0;10.4;15.9;22.7;30.2;5.0
3008;CHAMBERY NORD;3087;VOREPPE BARRIERE;107.0;13.2;19.4;28.2;37.5;6.2
3008;CHAMBERY NORD;3091;CHATUZANGE BARRIERE;153.0;20.1;30.3;43.3;56.4;10.1
3008;CHAMBERY NORD;3092;LA BAUME D'HOSTUN;137.0;16.8;25.3;36.5;48.3;8.2
3008;CHAMBERY NORD;3093;SAINT MARCELLIN;124.0;15.2;22.6;33.2;43.8;7.2
3008;CHAMBERY NORD;3094;VINAY;114.0;13.7;20.5;30.1;40.5;6.6
3008;CHAMBERY NORD;3095;TULLINS;100.0;12.1;18.2;26.5;35.1;5.8
3009;AIX SUD;15018;ST MARTIN BELLEVUE A41 N;64.0;13.3;22.8;33.3;43.0;7.1
3009;AIX SUD;3001;ST QUENTIN FAL. BARRIERE;95.0;14.0;21.1;31.5;40.8;6.6
3009;AIX SUD;3002;ST QUENTIN FAL. BRETELLE;74.0;10.4;16.3;23.7;32.3;5.0
3009;AIX SUD;3003;ISLE D'ABEAU CENTRE;64.0;9.4;13.9;20.4;27.8;4.5
3009;AIX SUD;3004;BOURGOIN;58.0;8.2;12.5;18.5;23.9;4.1
3009;AIX SUD;3005;LA TOUR DU PIN;49.0;6.8;10.8;15.2;20.3;3.5
3009;AIX SUD;3006;LES ABRETS;34.0;5.3;7.7;11.5;15.4;2.3
3009;AIX SUD;3007;AIGUEBELETTE;17.0;2.9;4.4;6.2;8.3;1.2
3009;AIX SUD;3008;CHAMBERY NORD;7.0;1.0;1.4;2.3;3.3;0.4
3009;AIX SUD;3010;AIX NORD;7.0;0.9;1.4;1.9;2.9;0.4
3009;AIX SUD;3011;RUMILLY;20.0;2.4;3.8;5.2;6.9;1.2
3009;AIX SUD;3012;ANNECY CENTRE;33.0;4.1;6.4;9.1;11.4;2.0
3009;AIX SUD;3013;ANNECY NORD;38.0;4.5;6.7;9.3;12.5;2.2
3009;AIX SUD;3014;ALLONZIER;45.0;5.1;7.5;10.6;14.9;2.6
3009;AIX SUD;3015;ST MARTIN BELLEVUE A410;70.0;8.3;12.8;17.9;24.4;4.3
3009;AIX SUD;3020;SEYNOD SUD;27.0;3.2;4.9;6.8;9.4;1.5
3009;AIX SUD;3061;SAINT GENIX SUR GUIERS;30.0;4.8;6.7;10.4;13.5;2.0
3009;AIX SUD;3062;VILLEFONTAINE;70.0;9.7;14.6;21.4;29.2;4.8
3009;AIX SUD;3083;MOIRANS NORD;94.0;11.3;17.1;24.7;33.1;5.4
3009;AIX SUD;3085;RIVES;79.0;9.7;14.7;21.0;27.7;4.5
3009;AIX SUD;3086;VOIRON;90.0;10.4;16.2;23.3;31.1;5.0
3009;AIX SUD;3087;VOREPPE BARRIERE;114.0;13.1;20.4;28.9;38.9;6.4
3009;AIX SUD;3091;CHATUZANGE BARRIERE;160.0;20.5;31.4;44.8;58.6;10.2
3009;AIX SUD;3092;LA BAUME D'HOSTUN;144.0;16.5;27.0;37.5;50.9;8.9
3009;AIX SUD;3093;SAINT MARCELLIN;131.0;15.1;24.3;34.1;45.4;7.4
3009;AIX SUD;3094;VINAY;121.0;14.0;21.9;31.1;41.0;6.8
3009;AIX SUD;3095;TULLINS;107.0;12.5;19.3;27.7;37.0;6.0
3010;AIX NORD;15018;ST MARTIN BELLEVUE A41 N;57.0;12.7;22.0;32.0;41.0;6.6
3010;AIX NORD;3001;ST QUENTIN FAL. BARRIERE;102.0;14.3;21.9;32.5;42.7;6.8
3010;AIX NORD;3002;ST QUENTIN FAL. BRETELLE;81.0;10.8;16.8;24.9;33.7;5.3
3010;AIX NORD;3003;ISLE D'ABEAU CENTRE;71.0;9.7;15.1;21.6;29.3;4.7
3010;AIX NORD;3004;BOURGOIN;65.0;9.5;13.6;20.0;27.3;4.4
3010;AIX NORD;3005;LA TOUR DU PIN;56.0;7.9;12.2;17.8;23.6;4.0
3010;AIX NORD;3006;LES ABRETS;41.0;6.2;9.4;13.6;18.5;2.9
3010;AIX NORD;3007;AIGUEBELETTE;24.0;3.5;5.4;7.5;10.1;1.6
3010;AIX NORD;3008;CHAMBERY NORD;14.0;2.0;3.1;4.5;6.0;0.9
3010;AIX NORD;3009;AIX SUD;7.0;0.9;1.4;1.9;2.9;0.4
3010;AIX NORD;3011;RUMILLY;13.0;1.6;2.4;3.9;4.8;0.7
3010;AIX NORD;3012;ANNECY CENTRE;26.0;3.3;5.0;7.2;9.5;1.5
3010;AIX NORD;3013;ANNECY NORD;31.0;3.8;6.0;7.9;10.9;1.9
3010;AIX NORD;3014;ALLONZIER;38.0;4.5;6.7;9.3;12.9;2.1
3010;AIX NORD;3015;ST MARTIN BELLEVUE A410;63.0;7.6;11.3;16.5;22.4;4.1
3010;AIX NORD;3020;SEYNOD SUD;20.0;2.4;3.7;5.4;7.1;1.2
3010;AIX NORD;3061;SAINT GENIX SUR GUIERS;37.0;5.7;7.8;11.8;16.3;2.3
3010;AIX NORD;3062;VILLEFONTAINE;77.0;10.3;15.2;22.8;31.4;4.9
3010;AIX NORD;3083;MOIRANS NORD;101.0;11.4;18.0;26.7;34.2;5.6
3010;AIX NORD;3085;RIVES;86.0;10.1;16.3;22.6;30.0;4.8
3010;AIX NORD;3086;VOIRON;97.0;11.0;16.9;24.2;32.2;5.4
3010;AIX NORD;3087;VOREPPE BARRIERE;121.0;13.5;21.4;30.5;40.5;7.0
3010;AIX NORD;3091;CHATUZANGE BARRIERE;167.0;21.0;32.9;45.3;59.5;10.6
3010;AIX NORD;3092;LA BAUME D'HOSTUN;151.0;17.1;27.7;38.9;51.8;9.2
3010;AIX NORD;3093;SAINT MARCELLIN;138.0;15.7;25.2;35.8;46.9;7.8
3010;AIX NORD;3094;VINAY;128.0;14.5;22.8;32.0;42.9;7.1
3010;AIX NORD;3095;TULLINS;114.0;12.7;20.0;28.3;39.0;6.4
3011;RUMILLY;15018;ST MARTIN BELLEVUE A41 N;44.0;11.4;20.1;29.8;37.2;5.9
3011;RUMILLY;3001;ST QUENTIN FAL. BARRIERE;115.0;15.2;23.6;35.0;46.0;7.5
3011;RUMILLY;3002;ST QUENTIN FAL. BRETELLE;94.0;12.0;18.7;27.6;38.5;5.9
3011;RUMILLY;3003;ISLE D'ABEAU CENTRE;84.0;10.9;16.7;24.2;32.8;5.4
3011;RUMILLY;3004;BOURGOIN;78.0;10.8;16.4;23.1;31.1;5.0
3011;RUMILLY;3005;LA TOUR DU PIN;69.0;9.6;14.3;20.6;28.2;4.5
3011;RUMILLY;3006;LES ABRETS;54.0;7.9;11.5;17.1;22.9;3.9
3011;RUMILLY;3007;AIGUEBELETTE;37.0;5.5;7.9;11.5;15.1;2.3
3011;RUMILLY;3008;CHAMBERY NORD;27.0;3.6;5.6;7.7;10.5;1.6
3011;RUMILLY;3009;AIX SUD;20.0;2.4;3.8;5.2;6.9;1.2
3011;RUMILLY;3010;AIX NORD;13.0;1.6;2.4;3.9;4.8;0.7
3011;RUMILLY;3012;ANNECY CENTRE;13.0;1.6;2.5;4.4;5.6;0.7
3011;RUMILLY;3013;ANNECY NORD;18.0;2.3;3.5;5.1;6.9;1.0
3011;RUMILLY;3014;ALLONZIER;25.0;3.2;4.8;7.1;9.1;1.4
3011;RUMILLY;3015;ST MARTIN BELLEVUE A410;50.0;6.3;9.8;14.1;19.4;3.2
3011;RUMILLY;3020;SEYNOD SUD;7.0;0.9;1.3;1.8;2.5;0.4
3011;RUMILLY;3061;SAINT GENIX SUR GUIERS;50.0;6.9;10.6;15.1;21.3;3.5
3011;RUMILLY;3062;VILLEFONTAINE;90.0;11.5;17.4;25.2;35.4;5.6
3011;RUMILLY;3083;MOIRANS NORD;114.0;12.9;20.4;28.9;37.9;6.4
3011;RUMILLY;3085;RIVES;99.0;11.3;17.5;25.3;34.1;5.5
3011;RUMILLY;3086;VOIRON;110.0;12.2;19.2;27.2;36.3;6.1
3011;RUMILLY;3087;VOREPPE BARRIERE;134.0;15.3;23.6;33.2;43.9;7.5
3011;RUMILLY;3091;CHATUZANGE BARRIERE;180.0;22.2;34.5;47.6;62.9;11.0
3011;RUMILLY;3092;LA BAUME D'HOSTUN;164.0;18.6;29.5;41.8;55.1;9.6
3011;RUMILLY;3093;SAINT MARCELLIN;151.0;17.0;26.5;37.8;50.5;9.0
3011;RUMILLY;3094;VINAY;141.0;16.0;24.6;34.8;46.1;7.8
3011;RUMILLY;3095;TULLINS;127.0;14.3;22.0;31.5;41.4;7.1
3012;ANNECY CENTRE;15018;ST MARTIN BELLEVUE A41 N;31.0;10.0;17.7;26.9;32.8;5.3
3012;ANNECY CENTRE;3001;ST QUENTIN FAL. BARRIERE;128.0;17.5;27.0;39.3;51.4;8.8
3012;ANNECY CENTRE;3002;ST QUENTIN FAL. BRETELLE;107.0;14.0;21.9;32.2;43.6;7.0
3012;ANNECY CENTRE;3003;ISLE D'ABEAU CENTRE;97.0;12.8;19.7;28.1;38.7;6.1
3012;ANNECY CENTRE;3004;BOURGOIN;91.0;12.0;17.9;25.4;34.8;6.0
3012;ANNECY CENTRE;3005;LA TOUR DU PIN;82.0;11.1;16.7;23.6;32.3;5.5
3012;ANNECY CENTRE;3006;LES ABRETS;67.0;10.0;15.0;20.8;27.9;4.8
3012;ANNECY CENTRE;3007;AIGUEBELETTE;50.0;6.9;10.4;15.0;20.0;3.5
3012;ANNECY CENTRE;3008;CHAMBERY NORD;40.0;5.5;8.2;12.1;17.0;2.5
3012;ANNECY CENTRE;3009;AIX SUD;33.0;4.1;6.4;9.1;11.4;2.0
3012;ANNECY CENTRE;3010;AIX NORD;26.0;3.3;5.0;7.2;9.5;1.5
3012;ANNECY CENTRE;3011;RUMILLY;13.0;1.6;2.5;4.4;5.6;0.7
3012;ANNECY CENTRE;3013;ANNECY NORD;5.0;0.6;0.9;1.4;1.9;0.3
3012;ANNECY CENTRE;3014;ALLONZIER;12.0;1.8;2.4;4.2;4.7;0.8
3012;ANNECY CENTRE;3015;ST MARTIN BELLEVUE A410;37.0;5.1;7.7;11.7;15.1;2.3
3012;ANNECY CENTRE;3020;SEYNOD SUD;6.0;0.8;1.2;1.6;2.2;0.4
3012;ANNECY CENTRE;3061;SAINT GENIX SUR GUIERS;63.0;9.0;13.2;18.7;25.9;4.4
3012;ANNECY CENTRE;3062;VILLEFONTAINE;103.0;13.4;19.9;28.7;40.7;6.5
3012;ANNECY CENTRE;3083;MOIRANS NORD;127.0;14.9;22.9;32.8;42.8;7.2
3012;ANNECY CENTRE;3085;RIVES;112.0;13.4;20.3;29.0;39.4;6.5
3012;ANNECY CENTRE;3086;VOIRON;123.0;13.7;21.1;30.7;40.8;6.8
3012;ANNECY CENTRE;3087;VOREPPE BARRIERE;147.0;17.0;26.7;37.3;49.0;8.6
3012;ANNECY CENTRE;3091;CHATUZANGE BARRIERE;193.0;24.7;37.1;51.9;68.8;12.3
3012;ANNECY CENTRE;3092;LA BAUME D'HOSTUN;177.0;20.3;32.0;45.5;60.0;10.4
3012;ANNECY CENTRE;3093;SAINT MARCELLIN;164.0;18.6;29.2;41.0;53.8;9.5
3012;ANNECY CENTRE;3094;VINAY;154.0;17.1;26.8;38.1;50.5;8.9
3012;ANNECY CENTRE;3095;TULLINS;140.0;16.1;24.4;35.0;46.3;7.8
3013;ANNECY NORD;15018;ST MARTIN BELLEVUE A41 N;26.0;9.2;16.7;24.9;31.1;5.0
3013;ANNECY NORD;3001;ST QUENTIN FAL. BARRIERE;133.0;18.2;27.4;40.2;51.9;8.8
3013;ANNECY NORD;3002;ST QUENTIN FAL. BRETELLE;112.0;14.7;22.8;33.2;45.2;7.2
3013;ANNECY NORD;3003;ISLE D'ABEAU CENTRE;102.0;13.0;20.4;29.5;39.6;6.2
3013;ANNECY NORD;3004;BOURGOIN;96.0;12.3;19.0;27.1;36.8;6.1
3013;ANNECY NORD;3005;LA TOUR DU PIN;87.0;11.5;17.4;25.0;33.7;5.6
3013;ANNECY NORD;3006;LES ABRETS;72.0;10.4;15.7;21.4;30.0;4.9
3013;ANNECY NORD;3007;AIGUEBELETTE;55.0;7.2;11.1;15.8;21.7;3.5
3013;ANNECY NORD;3008;CHAMBERY NORD;45.0;5.8;9.3;12.9;17.6;2.8
3013;ANNECY NORD;3009;AIX SUD;38.0;4.5;6.7;9.3;12.5;2.2
3013;ANNECY NORD;3010;AIX NORD;31.0;3.8;6.0;7.9;10.9;1.9
3013;ANNECY NORD;3011;RUMILLY;18.0;2.3;3.5;5.1;6.9;1.0
3013;ANNECY NORD;3012;ANNECY CENTRE;5.0;0.6;0.9;1.4;1.9;0.3
3013;ANNECY NORD;3014;ALLONZIER;7.0;1.0;1.4;2.2;3.0;0.5
3013;ANNECY NORD;3015;ST MARTIN BELLEVUE A410;32.0;4.9;7.0;10.7;14.2;2.1
3013;ANNECY NORD;3020;SEYNOD SUD;11.0;1.4;2.1;3.2;4.3;0.6
3013;ANNECY NORD;3061;SAINT GENIX SUR GUIERS;68.0;9.6;14.3;20.4;27.8;4.5
3013;ANNECY NORD;3062;VILLEFONTAINE;108.0;14.0;20.9;31.1;41.2;6.9
3013;ANNECY NORD;3083;MOIRANS NORD;132.0;14.9;23.2;33.4;44.1;7.3
3013;ANNECY NORD;3085;RIVES;117.0;13.5;20.6;29.0;39.7;6.5
3013;ANNECY NORD;3086;VOIRON;128.0;14.3;21.7;31.1;41.7;7.1
3013;ANNECY NORD;3087;VOREPPE BARRIERE;152.0;17.2;26.9;37.7;49.6;8.7
3013;ANNECY NORD;3091;CHATUZANGE BARRIERE;198.0;25.0;37.9;53.0;71.0;12.5
3013;ANNECY NORD;3092;LA BAUME D'HOSTUN;182.0;20.6;32.8;45.6;61.5;10.5
3013;ANNECY NORD;3093;SAINT MARCELLIN;169.0;18.7;30.0;41.8;55.6;9.6
3013;ANNECY NORD;3094;VINAY;159.0;17.8;27.8;38.9;51.4;9.0
3013;ANNECY NORD;3095;TULLINS;145.0;16.4;25.3;35.6;47.4;8.2
3014;ALLONZIER;3001;ST QUENTIN FAL. BARRIERE;140.0;18.4;28.4;40.9;53.5;9.1
3014;ALLONZIER;3002;ST QUENTIN FAL. BRETELLE;119.0;15.6;23.8;35.2;47.3;7.7
3014;ALLONZIER;3003;ISLE D'ABEAU CENTRE;109.0;14.1;21.1;31.1;41.0;6.7
3014;ALLONZIER;3004;BOURGOIN;103.0;13.2;19.8;28.3;39.0;6.5
3014;ALLONZIER;3005;LA TOUR DU PIN;94.0;11.8;18.5;26.8;34.8;5.8
3014;ALLONZIER;3006;LES ABRETS;79.0;10.8;16.6;23.2;32.0;5.2
3014;ALLONZIER;3007;AIGUEBELETTE;62.0;8.4;12.4;17.8;23.6;4.3
3014;ALLONZIER;3008;CHAMBERY NORD;52.0;6.8;10.5;14.8;19.8;3.2
3014;ALLONZIER;3009;AIX SUD;45.0;5.1;7.5;10.6;14.9;2.6
3014;ALLONZIER;3010;AIX NORD;38.0;4.5;6.7;9.3;12.9;2.1
3014;ALLONZIER;3011;RUMILLY;25.0;3.2;4.8;7.1;9.1;1.4
3014;ALLONZIER;3012;ANNECY CENTRE;12.0;1.8;2.4;4.2;4.7;0.8
3014;ALLONZIER;3013;ANNECY NORD;7.0;1.0;1.4;2.2;3.0;0.5
3014;ALLONZIER;3020;SEYNOD SUD;18.0;2.2;3.5;4.8;6.8;1.0
3014;ALLONZIER;3061;SAINT GENIX SUR GUIERS;75.0;10.4;15.3;21.1;29.9;4.8
3014;ALLONZIER;3062;VILLEFONTAINE;115.0;14.8;22.6;32.7;44.5;7.2
3014;ALLONZIER;3083;MOIRANS NORD;139.0;15.5;24.1;34.2;45.3;7.6
3014;ALLONZIER;3085;RIVES;124.0;14.2;21.6;30.8;41.7;6.8
3014;ALLONZIER;3086;VOIRON;135.0;14.9;23.1;32.9;43.8;7.4
3014;ALLONZIER;3087;VOREPPE BARRIERE;159.0;18.0;27.5;38.6;51.2;9.2
3014;ALLONZIER;3091;CHATUZANGE BARRIERE;205.0;25.3;38.7;54.3;72.0;12.9
3014;ALLONZIER;3092;LA BAUME D'HOSTUN;189.0;21.2;33.3;47.1;63.6;10.8
3014;ALLONZIER;3093;SAINT MARCELLIN;176.0;19.8;30.4;43.3;57.9;10.0
3014;ALLONZIER;3094;VINAY;166.0;18.4;28.3;40.3;53.6;9.3
3014;ALLONZIER;3095;TULLINS;152.0;17.0;25.9;36.9;49.0;8.4
3015;ST MARTIN BELLEVUE A410;3001;ST QUENTIN FAL. BARRIERE;165.0;22.3;34.6;49.7;65.8;11.1
3015;ST MARTIN BELLEVUE A410;3002;ST QUENTIN FAL. BRETELLE;144.0;19.2;29.5;43.1;58.6;9.5
3015;ST MARTIN BELLEVUE A410;3003;ISLE D'ABEAU CENTRE;134.0;17.3;27.0;38.6;51.8;8.5
3015;ST MARTIN BELLEVUE A410;3004;BOURGOIN;128.0;16.5;25.0;35.0;48.5;8.3
3015;ST MARTIN BELLEVUE A410;3005;LA TOUR DU PIN;119.0;15.7;24.2;34.3;45.4;7.6
3015;ST MARTIN BELLEVUE A410;3006;LES ABRETS;104.0;14.7;21.4;31.5;41.6;6.9
3015;ST MARTIN BELLEVUE A410;3007;AIGUEBELETTE;87.0;11.6;17.6;24.9;34.0;5.8
3015;ST MARTIN BELLEVUE A410;3008;CHAMBERY NORD;77.0;10.6;16.3;22.8;31.8;5.1
3015;ST MARTIN BELLEVUE A410;3009;AIX SUD;70.0;8.3;12.8;17.9;24.4;4.3
3015;ST MARTIN BELLEVUE A410;3010;AIX NORD;63.0;7.6;11.3;16.5;22.4;4.1
3015;ST MARTIN BELLEVUE A410;3011;RUMILLY;50.0;6.3;9.8;14.1;19.4;3.2
3015;ST MARTIN BELLEVUE A410;3012;ANNECY CENTRE;37.0;5.1;7.7;11.7;15.1;2.3
3015;ST MARTIN BELLEVUE A410;3013;ANNECY NORD;32.0;4.9;7.0;10.7;14.2;2.1
3015;ST MARTIN BELLEVUE A410;3020;SEYNOD SUD;43.0;5.4;8.3;12.1;16.3;2.6
3015;ST MARTIN BELLEVUE A410;3061;SAINT GENIX SUR GUIERS;100.0;13.9;20.7;29.6;40.3;6.6
3015;ST MARTIN BELLEVUE A410;3062;VILLEFONTAINE;140.0;18.0;27.6;39.7;52.8;9.2
3015;ST MARTIN BELLEVUE A410;3083;MOIRANS NORD;164.0;18.8;28.7;41.8;55.4;9.5
3015;ST MARTIN BELLEVUE A410;3085;RIVES;149.0;17.6;27.1;38.6;51.5;9.0
3015;ST MARTIN BELLEVUE A410;3086;VOIRON;160.0;18.3;27.7;39.5;53.3;9.2
3015;ST MARTIN BELLEVUE A410;3087;VOREPPE BARRIERE;184.0;21.6;32.5;46.1;61.8;10.8
3015;ST MARTIN BELLEVUE A410;3091;CHATUZANGE BARRIERE;230.0;29.7;44.3;60.6;83.2;14.7
3015;ST MARTIN BELLEVUE A410;3092;LA BAUME D'HOSTUN;214.0;24.4;38.0;53.7;73.3;12.1
3015;ST MARTIN BELLEVUE A410;3093;SAINT MARCELLIN;201.0;22.9;35.0;50.0;67.2;11.4
3015;ST MARTIN BELLEVUE A410;3094;VINAY;191.0;20.9;32.4;46.2;62.7;10.8
3015;ST MARTIN BELLEVUE A410;3095;TULLINS;177.0;19.9;30.2;43.1;57.9;10.0
3020;SEYNOD SUD;15018;ST MARTIN BELLEVUE A41 N;37.0;10.4;18.8;27.5;34.9;5.5
3020;SEYNOD SUD;3001;ST QUENTIN FAL. BARRIERE;122.0;16.2;24.8;36.2;47.5;7.8
3020;SEYNOD SUD;3002;ST QUENTIN FAL. BRETELLE;101.0;12.9;19.9;29.4;39.6;6.2
3020;SEYNOD SUD;3003;ISLE D'ABEAU CENTRE;91.0;11.7;17.9;25.9;35.3;5.6
3020;SEYNOD SUD;3004;BOURGOIN;85.0;11.1;17.0;24.3;33.0;5.4
3020;SEYNOD SUD;3005;LA TOUR DU PIN;76.0;10.1;15.4;21.9;30.4;4.8
3020;SEYNOD SUD;3006;LES ABRETS;61.0;9.0;13.2;19.1;25.2;4.3
3020;SEYNOD SUD;3007;AIGUEBELETTE;44.0;6.1;9.5;13.3;17.6;2.9
3020;SEYNOD SUD;3008;CHAMBERY NORD;34.0;4.4;6.8;9.8;13.6;2.2
3020;SEYNOD SUD;3009;AIX SUD;27.0;3.2;4.9;6.8;9.4;1.5
3020;SEYNOD SUD;3010;AIX NORD;20.0;2.4;3.7;5.4;7.1;1.2
3020;SEYNOD SUD;3011;RUMILLY;7.0;0.9;1.3;1.8;2.5;0.4
3020;SEYNOD SUD;3012;ANNECY CENTRE;6.0;0.8;1.2;1.6;2.2;0.4
3020;SEYNOD SUD;3013;ANNECY NORD;11.0;1.4;2.1;3.2;4.3;0.6
3020;SEYNOD SUD;3014;ALLONZIER;18.0;2.2;3.5;4.8;6.8;1.0
3020;SEYNOD SUD;3015;ST MARTIN BELLEVUE A410;43.0;5.4;8.3;12.1;16.3;2.6
3020;SEYNOD SUD;3061;SAINT GENIX SUR GUIERS;57.0;7.4;11.7;16.9;23.4;3.8
3020;SEYNOD SUD;3062;VILLEFONTAINE;97.0;12.3;18.5;26.9;37.9;6.0
3020;SEYNOD SUD;3083;MOIRANS NORD;121.0;13.5;20.9;30.3;39.5;6.7
3020;SEYNOD SUD;3085;RIVES;106.0;11.9;18.5;26.7;35.3;5.9
3020;SEYNOD SUD;3086;VOIRON;117.0;12.7;19.7;28.6;38.1;6.4
3020;SEYNOD SUD;3087;VOREPPE BARRIERE;141.0;16.0;24.1;34.7;45.9;7.8
3020;SEYNOD SUD;3091;CHATUZANGE BARRIERE;192.0;22.7;34.8;48.3;64.4;11.2
3020;SEYNOD SUD;3092;LA BAUME D'HOSTUN;171.0;19.0;29.7;42.2;56.7;9.6
3020;SEYNOD SUD;3093;SAINT MARCELLIN;158.0;17.6;27.0;38.9;51.7;8.9
3020;SEYNOD SUD;3094;VINAY;148.0;16.3;25.1;35.9;47.6;8.2
3020;SEYNOD SUD;3095;TULLINS;134.0;15.3;23.1;33.0;43.7;7.4
3021;CROLLES BARRIERE;2050;ST PIERRE BELLEVILLE;74.98;10.0;15.6;23.9;32.3;5.5
3021;CROLLES BARRIERE;2051;STE MARIE DE CUINES;90.34;12.8;19.3;30.9;41.3;6.9
3021;CROLLES BARRIERE;2052;HERMILLON;96.88;13.7;20.8;33.9;45.6;7.4
3021;CROLLES BARRIERE;2054;ST MICHEL MAURIENNE ECH;110.34;16.0;24.1;39.8;54.0;8.8
3021;CROLLES BARRIERE;2056;ST MICHEL MAURIENNE BAR;124.36;18.1;27.2;49.2;66.3;10.4
3021;CROLLES BARRIERE;3023;LE TOUVET;24.0;2.2;3.9;5.8;7.8;1.3
3021;CROLLES BARRIERE;3024;PONTCHARRA;34.0;3.7;5.9;8.3;11.4;1.8
3021;CROLLES BARRIERE;3025;CHIGNIN LES MARCHES;44.0;4.7;7.4;11.3;14.7;2.2
3021;CROLLES BARRIERE;3026;CHIGNIN BARRIERE;51.0;6.6;10.0;15.3;20.2;3.3
3021;CROLLES BARRIERE;3031;MONTMELIAN;43.0;6.0;8.4;12.2;16.2;2.9
3021;CROLLES BARRIERE;3032;SAINT PIERRE D'ALBIGNY;54.0;6.7;10.2;14.7;19.7;3.3
3021;CROLLES BARRIERE;3033;AITON;61.0;7.9;12.3;17.6;24.8;4.1
3021;CROLLES BARRIERE;3034;STE HELENE BARRIERE;74.0;10.4;15.1;21.5;29.0;5.1
3022;CROLLES BRIGNOUD;2050;ST PIERRE BELLEVILLE;61.98;9.3;14.3;19.4;25.9;5.1
3022;CROLLES BRIGNOUD;2051;STE MARIE DE CUINES;77.34;12.1;18.0;26.4;34.9;6.5
3022;CROLLES BRIGNOUD;2052;HERMILLON;83.88;13.0;19.5;29.4;39.2;7.0
3022;CROLLES BRIGNOUD;2054;ST MICHEL MAURIENNE ECH;97.34;15.3;22.8;35.3;47.6;8.4
3022;CROLLES BRIGNOUD;2056;ST MICHEL MAURIENNE BAR;111.36;17.4;25.9;44.7;59.9;10.0
3022;CROLLES BRIGNOUD;3023;LE TOUVET;10.0;1.8;2.7;3.2;3.9;1.0
3022;CROLLES BRIGNOUD;3024;PONTCHARRA;20.0;3.2;4.8;5.6;7.5;1.6
3022;CROLLES BRIGNOUD;3025;CHIGNIN LES MARCHES;30.0;4.1;6.5;7.7;10.1;2.0
3022;CROLLES BRIGNOUD;3026;CHIGNIN BARRIERE;37.0;5.9;8.6;10.9;14.3;3.0
3022;CROLLES BRIGNOUD;3031;MONTMELIAN;29.0;5.1;7.0;8.0;10.8;2.3
3022;CROLLES BRIGNOUD;3032;SAINT PIERRE D'ALBIGNY;41.0;6.0;8.9;10.2;14.4;2.9
3022;CROLLES BRIGNOUD;3033;AITON;48.0;7.2;11.0;13.1;18.4;3.7
3022;CROLLES BRIGNOUD;3034;STE HELENE BARRIERE;61.0;9.5;13.4;16.9;23.6;4.5
3023;LE TOUVET;2050;ST PIERRE BELLEVILLE;50.98;6.6;10.6;17.1;21.6;3.6
3023;LE TOUVET;2051;STE MARIE DE CUINES;66.34;9.4;14.3;24.1;30.6;5.0
3023;LE TOUVET;2052;HERMILLON;72.88;10.3;15.8;27.1;34.9;5.5
3023;LE TOUVET;2054;ST MICHEL MAURIENNE ECH;86.34;12.6;19.1;33.0;43.3;6.9
3023;LE TOUVET;2056;ST MICHEL MAURIENNE BAR;100.36;14.7;22.2;42.4;55.6;8.5
3023;LE TOUVET;3021;CROLLES BARRIERE;24.0;2.2;3.9;5.8;7.8;1.3
3023;LE TOUVET;3022;CROLLES BRIGNOUD;10.0;1.8;2.7;3.2;3.9;1.0
3023;LE TOUVET;3024;PONTCHARRA;10.0;1.2;1.9;2.6;3.5;0.6
3023;LE TOUVET;3025;CHIGNIN LES MARCHES;20.0;2.4;3.6;5.0;6.2;1.3
3023;LE TOUVET;3026;CHIGNIN BARRIERE;27.0;3.4;5.3;7.1;9.4;1.8
3023;LE TOUVET;3031;MONTMELIAN;19.0;2.4;3.6;5.3;7.6;1.1
3023;LE TOUVET;3032;SAINT PIERRE D'ALBIGNY;30.0;3.7;5.7;8.2;11.0;1.6
3023;LE TOUVET;3033;AITON;37.0;4.5;7.3;10.8;14.1;2.2
3023;LE TOUVET;3034;STE HELENE BARRIERE;50.0;6.6;9.8;14.0;19.7;3.2
3024;PONTCHARRA;2050;ST PIERRE BELLEVILLE;41.98;6.2;9.4;14.8;19.1;3.2
3024;PONTCHARRA;2051;STE MARIE DE CUINES;57.34;9.0;13.1;21.8;28.1;4.6
3024;PONTCHARRA;2052;HERMILLON;63.88;9.9;14.6;24.8;32.4;5.1
3024;PONTCHARRA;2054;ST MICHEL MAURIENNE ECH;77.34;12.2;17.9;30.7;40.8;6.5
3024;PONTCHARRA;2056;ST MICHEL MAURIENNE BAR;91.36;14.3;21.0;40.1;53.1;8.1
3024;PONTCHARRA;3021;CROLLES BARRIERE;34.0;3.7;5.9;8.3;11.4;1.8
3024;PONTCHARRA;3022;CROLLES BRIGNOUD;20.0;3.2;4.8;5.6;7.5;1.6
3024;PONTCHARRA;3023;LE TOUVET;10.0;1.2;1.9;2.6;3.5;0.6
3024;PONTCHARRA;3025;CHIGNIN LES MARCHES;10.0;1.3;1.8;2.5;3.7;0.7
3024;PONTCHARRA;3026;CHIGNIN BARRIERE;17.0;2.1;3.3;4.9;6.9;1.0
3024;PONTCHARRA;3031;MONTMELIAN;9.0;1.1;1.9;2.6;4.0;0.5
3024;PONTCHARRA;3032;SAINT PIERRE D'ALBIGNY;21.0;2.6;4.0;6.0;7.7;1.2
3024;PONTCHARRA;3033;AITON;28.0;4.1;6.1;8.5;11.6;1.8
3024;PONTCHARRA;3034;STE HELENE BARRIERE;41.0;6.1;8.3;12.0;17.2;2.7
3025;CHIGNIN LES MARCHES;2050;ST PIERRE BELLEVILLE;38.98;4.9;7.8;12.8;16.7;2.9
3025;CHIGNIN LES MARCHES;2051;STE MARIE DE CUINES;54.34;7.7;11.5;19.8;25.7;4.3
3025;CHIGNIN LES MARCHES;2052;HERMILLON;60.88;8.6;13.0;22.8;30.0;4.8
3025;CHIGNIN LES MARCHES;2054;ST MICHEL MAURIENNE ECH;74.34;10.9;16.3;28.7;38.4;6.2
3025;CHIGNIN LES MARCHES;2056;ST MICHEL MAURIENNE BAR;88.36;13.0;19.4;38.1;50.7;7.8
3025;CHIGNIN LES MARCHES;3021;CROLLES BARRIERE;44.0;4.7;7.4;11.3;14.7;2.2
3025;CHIGNIN LES MARCHES;3022;CROLLES BRIGNOUD;30.0;4.1;6.5;7.7;10.1;2.0
3025;CHIGNIN LES MARCHES;3023;LE TOUVET;20.0;2.4;3.6;5.0;6.2;1.3
3025;CHIGNIN LES MARCHES;3024;PONTCHARRA;10.0;1.3;1.8;2.5;3.7;0.7
3025;CHIGNIN LES MARCHES;3031;MONTMELIAN;8.0;0.9;1.4;1.9;2.7;0.5
3025;CHIGNIN LES MARCHES;3032;SAINT PIERRE D'ALBIGNY;18.0;2.1;3.2;4.8;5.9;1.1
3025;CHIGNIN LES MARCHES;3033;AITON;25.0;2.8;4.5;6.5;9.2;1.5
3025;CHIGNIN LES MARCHES;3034;STE HELENE BARRIERE;38.0;4.4;7.1;9.9;13.2;2.4
3026;CHIGNIN BARRIERE;2050;ST PIERRE BELLEVILLE;44.98;6.3;10.0;17.0;22.0;3.4
3026;CHIGNIN BARRIERE;2051;STE MARIE DE CUINES;60.34;9.1;13.7;24.0;31.0;4.8
3026;CHIGNIN BARRIERE;2052;HERMILLON;66.88;10.0;15.2;27.0;35.3;5.3
3026;CHIGNIN BARRIERE;2054;ST MICHEL MAURIENNE ECH;80.34;12.3;18.5;32.9;43.7;6.7
3026;CHIGNIN BARRIERE;2056;ST MICHEL MAURIENNE BAR;94.36;14.4;21.6;42.3;56.0;8.3
3026;CHIGNIN BARRIERE;3021;CROLLES BARRIERE;51.0;6.6;10.0;15.3;20.2;3.3
3026;CHIGNIN BARRIERE;3022;CROLLES BRIGNOUD;37.0;5.9;8.6;10.9;14.3;3.0
3026;CHIGNIN BARRIERE;3023;LE TOUVET;27.0;3.4;5.3;7.1;9.4;1.8
3026;CHIGNIN BARRIERE;3024;PONTCHARRA;17.0;2.1;3.3;4.9;6.9;1.0
3026;CHIGNIN BARRIERE;3031;MONTMELIAN;15.0;1.9;2.9;4.7;6.4;1.0
3026;CHIGNIN BARRIERE;3032;SAINT PIERRE D'ALBIGNY;24.0;3.0;4.5;7.3;9.8;1.5
3026;CHIGNIN BARRIERE;3033;AITON;31.0;4.2;6.7;10.7;14.5;2.0
3026;CHIGNIN BARRIERE;3034;STE HELENE BARRIERE;44.0;6.0;10.0;14.0;18.7;3.1
3027;CHIGNIN BRETELLE;3400;Système Ouvert;7.0;1.0;1.6;2.7;3.7;0.5
3031;MONTMELIAN;2050;ST PIERRE BELLEVILLE;31.98;4.3;6.6;11.0;14.0;2.5
3031;MONTMELIAN;2051;STE MARIE DE CUINES;47.34;7.1;10.3;18.0;23.0;3.9
3031;MONTMELIAN;2052;HERMILLON;53.88;8.0;11.8;21.0;27.3;4.4
3031;MONTMELIAN;2054;ST MICHEL MAURIENNE ECH;67.34;10.3;15.1;26.9;35.7;5.8
3031;MONTMELIAN;2056;ST MICHEL MAURIENNE BAR;81.36;12.4;18.2;36.3;48.0;7.4
3031;MONTMELIAN;3021;CROLLES BARRIERE;43.0;6.0;8.4;12.2;16.2;2.9
3031;MONTMELIAN;3022;CROLLES BRIGNOUD;29.0;5.1;7.0;8.0;10.8;2.3
3031;MONTMELIAN;3023;LE TOUVET;19.0;2.4;3.6;5.3;7.6;1.1
3031;MONTMELIAN;3024;PONTCHARRA;9.0;1.1;1.9;2.6;4.0;0.5
3031;MONTMELIAN;3025;CHIGNIN LES MARCHES;8.0;0.9;1.4;1.9;2.7;0.5
3031;MONTMELIAN;3026;CHIGNIN BARRIERE;15.0;1.9;2.9;4.7;6.4;1.0
3031;MONTMELIAN;3032;SAINT PIERRE D'ALBIGNY;11.0;1.4;2.0;2.5;3.6;0.7
3031;MONTMELIAN;3033;AITON;18.0;2.2;3.3;4.7;6.5;1.1
3031;MONTMELIAN;3034;STE HELENE BARRIERE;31.0;3.6;6.0;7.6;10.9;2.0
3032;SAINT PIERRE D'ALBIGNY;3021;CROLLES BARRIERE;54.0;6.7;10.2;14.7;19.7;3.3
3032;SAINT PIERRE D'ALBIGNY;3022;CROLLES BRIGNOUD;41.0;6.0;8.9;10.2;14.4;2.9
3032;SAINT PIERRE D'ALBIGNY;3023;LE TOUVET;30.0;3.7;5.7;8.2;11.0;1.6
3032;SAINT PIERRE D'ALBIGNY;3024;PONTCHARRA;21.0;2.6;4.0;6.0;7.7;1.2
3032;SAINT PIERRE D'ALBIGNY;3025;CHIGNIN LES MARCHES;18.0;2.1;3.2;4.8;5.9;1.1
3032;SAINT PIERRE D'ALBIGNY;3026;CHIGNIN BARRIERE;24.0;3.0;4.5;7.3;9.8;1.5
3032;SAINT PIERRE D'ALBIGNY;3031;MONTMELIAN;11.0;1.4;2.0;2.5;3.6;0.7
3033;AITON;2050;ST PIERRE BELLEVILLE;13.98;2.1;3.3;6.3;7.5;1.4
3033;AITON;2051;STE MARIE DE CUINES;29.34;4.9;7.0;13.3;16.5;2.8
3033;AITON;2052;HERMILLON;35.88;5.8;8.5;16.3;20.8;3.3
3033;AITON;2054;ST MICHEL MAURIENNE ECH;49.34;8.1;11.8;22.2;29.2;4.7
3033;AITON;2056;ST MICHEL MAURIENNE BAR;63.36;10.2;14.9;31.6;41.5;6.3
3033;AITON;3021;CROLLES BARRIERE;61.0;7.9;12.3;17.6;24.8;4.1
3033;AITON;3022;CROLLES BRIGNOUD;48.0;7.2;11.0;13.1;18.4;3.7
3033;AITON;3023;LE TOUVET;37.0;4.5;7.3;10.8;14.1;2.2
3033;AITON;3024;PONTCHARRA;28.0;4.1;6.1;8.5;11.6;1.8
3033;AITON;3025;CHIGNIN LES MARCHES;25.0;2.8;4.5;6.5;9.2;1.5
3033;AITON;3026;CHIGNIN BARRIERE;31.0;4.2;6.7;10.7;14.5;2.0
3033;AITON;3031;MONTMELIAN;18.0;2.2;3.3;4.7;6.5;1.1
3033;AITON;3034;STE HELENE BARRIERE;17.0;1.9;3.2;5.0;6.4;1.1
3034;STE HELENE BARRIERE;2050;ST PIERRE BELLEVILLE;30.98;4.0;6.5;11.3;13.9;2.5
3034;STE HELENE BARRIERE;2051;STE MARIE DE CUINES;46.34;6.8;10.2;18.3;22.9;3.9
3034;STE HELENE BARRIERE;2052;HERMILLON;52.88;7.7;11.7;21.3;27.2;4.4
3034;STE HELENE BARRIERE;2054;ST MICHEL MAURIENNE ECH;66.34;10.0;15.0;27.2;35.6;5.8
3034;STE HELENE BARRIERE;2056;ST MICHEL MAURIENNE BAR;80.36;12.1;18.1;36.6;47.9;7.4
3034;STE HELENE BARRIERE;3021;CROLLES BARRIERE;74.0;10.4;15.1;21.5;29.0;5.1
3034;STE HELENE BARRIERE;3022;CROLLES BRIGNOUD;61.0;9.5;13.4;16.9;23.6;4.5
3034;STE HELENE BARRIERE;3023;LE TOUVET;50.0;6.6;9.8;14.0;19.7;3.2
3034;STE HELENE BARRIERE;3024;PONTCHARRA;41.0;6.1;8.3;12.0;17.2;2.7
3034;STE HELENE BARRIERE;3025;CHIGNIN LES MARCHES;38.0;4.4;7.1;9.9;13.2;2.4
3034;STE HELENE BARRIERE;3026;CHIGNIN BARRIERE;44.0;6.0;10.0;14.0;18.7;3.1
3034;STE HELENE BARRIERE;3031;MONTMELIAN;31.0;3.6;6.0;7.6;10.9;2.0
3034;STE HELENE BARRIERE;3033;AITON;17.0;1.9;3.2;5.0;6.4;1.1
3041;LE CROZET;3400;Système Ouvert;31.0;4.5;7.0;9.9;12.7;2.0
3061;SAINT GENIX SUR GUIERS;15018;ST MARTIN BELLEVUE A41 N;94.0;18.6;30.6;43.8;58.0;9.3
3061;SAINT GENIX SUR GUIERS;3001;ST QUENTIN FAL. BARRIERE;65.0;9.1;13.6;20.2;26.6;4.5
3061;SAINT GENIX SUR GUIERS;3002;ST QUENTIN FAL. BRETELLE;44.0;6.1;9.0;12.8;17.6;2.7
3061;SAINT GENIX SUR GUIERS;3003;ISLE D'ABEAU CENTRE;34.0;4.5;6.9;9.9;13.2;2.0
3061;SAINT GENIX SUR GUIERS;3004;BOURGOIN;28.0;3.8;5.9;7.8;10.7;1.8
3061;SAINT GENIX SUR GUIERS;3005;LA TOUR DU PIN;19.0;2.3;3.8;5.6;7.0;1.2
3061;SAINT GENIX SUR GUIERS;3006;LES ABRETS;4.0;0.5;0.8;1.0;1.4;0.3
3061;SAINT GENIX SUR GUIERS;3007;AIGUEBELETTE;13.0;1.6;2.5;4.2;5.9;0.8
3061;SAINT GENIX SUR GUIERS;3008;CHAMBERY NORD;23.0;3.8;5.8;8.7;11.9;1.6
3061;SAINT GENIX SUR GUIERS;3009;AIX SUD;30.0;4.8;6.7;10.4;13.5;2.0
3061;SAINT GENIX SUR GUIERS;3010;AIX NORD;37.0;5.7;7.8;11.8;16.3;2.3
3061;SAINT GENIX SUR GUIERS;3011;RUMILLY;50.0;6.9;10.6;15.1;21.3;3.5
3061;SAINT GENIX SUR GUIERS;3012;ANNECY CENTRE;63.0;9.0;13.2;18.7;25.9;4.4
3061;SAINT GENIX SUR GUIERS;3013;ANNECY NORD;68.0;9.6;14.3;20.4;27.8;4.5
3061;SAINT GENIX SUR GUIERS;3014;ALLONZIER;75.0;10.4;15.3;21.1;29.9;4.8
3061;SAINT GENIX SUR GUIERS;3015;ST MARTIN BELLEVUE A410;100.0;13.9;20.7;29.6;40.3;6.6
3061;SAINT GENIX SUR GUIERS;3020;SEYNOD SUD;57.0;7.4;11.7;16.9;23.4;3.8
3061;SAINT GENIX SUR GUIERS;3062;VILLEFONTAINE;40.0;5.6;7.9;11.4;15.2;2.5
3061;SAINT GENIX SUR GUIERS;3083;MOIRANS NORD;64.0;7.9;12.5;18.6;24.9;4.1
3061;SAINT GENIX SUR GUIERS;3085;RIVES;49.0;6.3;9.7;14.4;19.1;2.8
3061;SAINT GENIX SUR GUIERS;3086;VOIRON;60.0;7.4;11.6;17.2;22.8;3.8
3061;SAINT GENIX SUR GUIERS;3087;VOREPPE BARRIERE;84.0;10.3;16.1;22.9;30.6;5.1
3061;SAINT GENIX SUR GUIERS;3091;CHATUZANGE BARRIERE;135.0;17.5;26.7;37.6;50.8;8.4
3061;SAINT GENIX SUR GUIERS;3092;LA BAUME D'HOSTUN;114.0;14.3;22.5;31.9;43.1;6.9
3061;SAINT GENIX SUR GUIERS;3093;SAINT MARCELLIN;101.0;12.5;19.4;28.1;38.2;6.1
3061;SAINT GENIX SUR GUIERS;3094;VINAY;91.0;11.2;17.8;25.5;34.0;5.6
3061;SAINT GENIX SUR GUIERS;3095;TULLINS;77.0;9.6;15.1;21.5;29.2;4.8
3062;VILLEFONTAINE;15018;ST MARTIN BELLEVUE A41 N;134.0;23.0;37.9;55.4;72.6;11.7
3062;VILLEFONTAINE;3001;ST QUENTIN FAL. BARRIERE;25.0;3.0;4.6;6.4;8.5;1.5
3062;VILLEFONTAINE;3002;ST QUENTIN FAL. BRETELLE;4.0;0.5;0.7;1.1;1.4;0.3
3062;VILLEFONTAINE;3003;ISLE D'ABEAU CENTRE;6.0;0.7;1.0;1.5;2.2;0.3
3062;VILLEFONTAINE;3004;BOURGOIN;12.0;1.3;2.3;3.6;4.5;0.7
3062;VILLEFONTAINE;3005;LA TOUR DU PIN;21.0;3.0;4.4;6.6;7.9;1.4
3062;VILLEFONTAINE;3006;LES ABRETS;36.0;4.8;7.0;10.7;13.2;2.2
3062;VILLEFONTAINE;3007;AIGUEBELETTE;53.0;6.8;10.4;15.1;19.4;3.3
3062;VILLEFONTAINE;3008;CHAMBERY NORD;63.0;9.6;14.1;20.5;27.9;4.4
3062;VILLEFONTAINE;3009;AIX SUD;70.0;9.7;14.6;21.4;29.2;4.8
3062;VILLEFONTAINE;3010;AIX NORD;77.0;10.3;15.2;22.8;31.4;4.9
3062;VILLEFONTAINE;3011;RUMILLY;90.0;11.5;17.4;25.2;35.4;5.6
3062;VILLEFONTAINE;3012;ANNECY CENTRE;103.0;13.4;19.9;28.7;40.7;6.5
3062;VILLEFONTAINE;3013;ANNECY NORD;108.0;14.0;20.9;31.1;41.2;6.9
3062;VILLEFONTAINE;3014;ALLONZIER;115.0;14.8;22.6;32.7;44.5;7.2
3062;VILLEFONTAINE;3015;ST MARTIN BELLEVUE A410;140.0;18.0;27.6;39.7;52.8;9.2
3062;VILLEFONTAINE;3020;SEYNOD SUD;97.0;12.3;18.5;26.9;37.9;6.0
3062;VILLEFONTAINE;3061;SAINT GENIX SUR GUIERS;40.0;5.6;7.9;11.4;15.2;2.5
3062;VILLEFONTAINE;3072;LA TOUR DU PIN EST;24.0;3.3;5.0;7.3;9.5;1.6
3062;VILLEFONTAINE;3083;MOIRANS NORD;55.0;7.4;10.6;16.4;21.2;3.7
3062;VILLEFONTAINE;3085;RIVES;40.0;5.5;7.8;11.7;15.0;2.4
3062;VILLEFONTAINE;3086;VOIRON;51.0;6.5;9.9;14.6;18.5;3.1
3062;VILLEFONTAINE;3087;VOREPPE BARRIERE;75.0;9.6;14.7;20.8;27.6;4.9
3062;VILLEFONTAINE;3091;CHATUZANGE BARRIERE;121.0;15.6;24.1;35.0;45.8;7.7
3062;VILLEFONTAINE;3092;LA BAUME D'HOSTUN;105.0;12.9;20.0;28.8;39.0;6.4
3062;VILLEFONTAINE;3093;SAINT MARCELLIN;92.0;11.4;17.6;25.0;33.7;5.6
3062;VILLEFONTAINE;3094;VINAY;82.0;10.1;15.7;22.1;29.0;5.0
3062;VILLEFONTAINE;3095;TULLINS;68.0;8.4;12.9;19.1;24.8;4.3
3070;SAINT EXUPERY;3400;Système Ouvert;19.0;2.3;3.5;5.6;6.9;1.1
3071;CHESNES;3400;Système Ouvert;19.0;2.3;3.5;5.6;6.9;1.1
3072;LA TOUR DU PIN EST;3001;ST QUENTIN FAL. BARRIERE;49.0;6.8;10.9;15.8;20.2;3.4
3072;LA TOUR DU PIN EST;3002;ST QUENTIN FAL. BRETELLE;28.0;3.9;6.5;9.2;11.8;1.9
3072;LA TOUR DU PIN EST;3003;ISLE D'ABEAU CENTRE;18.0;2.6;4.1;6.3;7.2;1.2
3072;LA TOUR DU PIN EST;3004;BOURGOIN;12.0;1.5;2.5;3.8;5.4;0.7
3072;LA TOUR DU PIN EST;3005;LA TOUR DU PIN;3.0;0.4;0.6;0.8;0.9;0.2
3072;LA TOUR DU PIN EST;3062;VILLEFONTAINE;24.0;3.3;5.0;7.3;9.5;1.6
3072;LA TOUR DU PIN EST;3083;MOIRANS NORD;48.0;6.4;9.7;13.4;18.3;3.5
3072;LA TOUR DU PIN EST;3085;RIVES;33.0;4.2;6.7;9.3;12.5;2.0
3072;LA TOUR DU PIN EST;3086;VOIRON;44.0;5.9;8.4;12.2;16.0;2.6
3072;LA TOUR DU PIN EST;3087;VOREPPE BARRIERE;68.0;8.5;12.9;18.1;24.1;4.2
3072;LA TOUR DU PIN EST;3091;CHATUZANGE BARRIERE;119.0;15.7;23.4;33.0;44.5;7.4
3072;LA TOUR DU PIN EST;3092;LA BAUME D'HOSTUN;98.0;12.0;18.6;27.5;37.0;6.0
3072;LA TOUR DU PIN EST;3093;SAINT MARCELLIN;85.0;10.7;16.2;23.2;31.1;5.1
3072;LA TOUR DU PIN EST;3094;VINAY;75.0;8.9;13.7;20.0;25.9;4.4
3072;LA TOUR DU PIN EST;3095;TULLINS;61.0;7.6;11.3;16.4;21.2;3.7
3083;MOIRANS NORD;15018;ST MARTIN BELLEVUE A41 N;158.0;23.7;39.4;56.9;73.4;12.1
3083;MOIRANS NORD;3001;ST QUENTIN FAL. BARRIERE;80.0;11.3;17.9;25.4;34.1;5.6
3083;MOIRANS NORD;3002;ST QUENTIN FAL. BRETELLE;59.0;8.5;13.1;19.2;25.1;4.2
3083;MOIRANS NORD;3003;ISLE D'ABEAU CENTRE;49.0;6.9;10.5;14.8;20.0;3.3
3083;MOIRANS NORD;3004;BOURGOIN;43.0;5.0;7.8;11.6;15.8;2.5
3083;MOIRANS NORD;3005;LA TOUR DU PIN;45.0;6.0;9.3;12.8;17.4;3.2
3083;MOIRANS NORD;3006;LES ABRETS;60.0;7.3;11.3;16.2;20.3;3.6
3083;MOIRANS NORD;3007;AIGUEBELETTE;77.0;9.0;13.2;19.2;25.4;4.2
3083;MOIRANS NORD;3008;CHAMBERY NORD;87.0;10.9;16.4;23.8;31.8;5.3
3083;MOIRANS NORD;3009;AIX SUD;94.0;11.3;17.1;24.7;33.1;5.4
3083;MOIRANS NORD;3010;AIX NORD;101.0;11.4;18.0;26.7;34.2;5.6
3083;MOIRANS NORD;3011;RUMILLY;114.0;12.9;20.4;28.9;37.9;6.4
3083;MOIRANS NORD;3012;ANNECY CENTRE;127.0;14.9;22.9;32.8;42.8;7.2
3083;MOIRANS NORD;3013;ANNECY NORD;132.0;14.9;23.2;33.4;44.1;7.3
3083;MOIRANS NORD;3014;ALLONZIER;139.0;15.5;24.1;34.2;45.3;7.6
3083;MOIRANS NORD;3015;ST MARTIN BELLEVUE A410;164.0;18.8;28.7;41.8;55.4;9.5
3083;MOIRANS NORD;3020;SEYNOD SUD;121.0;13.5;20.9;30.3;39.5;6.7
3083;MOIRANS NORD;3061;SAINT GENIX SUR GUIERS;64.0;7.9;12.5;18.6;24.9;4.1
3083;MOIRANS NORD;3062;VILLEFONTAINE;55.0;7.4;10.6;16.4;21.2;3.7
3083;MOIRANS NORD;3072;LA TOUR DU PIN EST;48.0;6.4;9.7;13.4;18.3;3.5
3083;MOIRANS NORD;3085;RIVES;15.0;1.8;2.9;4.5;6.0;0.9
3083;MOIRANS NORD;3086;VOIRON;4.0;0.4;0.7;1.0;1.5;0.2
3084;MOIRANS;3087;VOREPPE BARRIERE;19.0;1.9;2.5;4.4;5.6;1.1
3084;MOIRANS;3091;CHATUZANGE BARRIERE;71.0;9.8;14.6;20.0;28.0;4.8
3084;MOIRANS;3092;LA BAUME D'HOSTUN;50.0;6.2;9.7;13.3;18.4;2.8
3084;MOIRANS;3093;SAINT MARCELLIN;37.0;4.4;7.1;9.7;13.7;2.1
3084;MOIRANS;3094;VINAY;27.0;3.2;5.0;7.0;9.5;1.5
3084;MOIRANS;3095;TULLINS;13.0;1.4;2.2;3.6;4.6;0.6
3085;RIVES;15018;ST MARTIN BELLEVUE A41 N;143.0;22.4;36.9;53.5;69.8;11.3
3085;RIVES;3001;ST QUENTIN FAL. BARRIERE;65.0;9.2;14.3;20.5;27.4;4.5
3085;RIVES;3002;ST QUENTIN FAL. BRETELLE;44.0;6.3;9.1;13.3;18.8;2.7
3085;RIVES;3003;ISLE D'ABEAU CENTRE;34.0;5.1;6.9;10.6;14.0;2.0
3085;RIVES;3004;BOURGOIN;28.0;3.2;5.4;7.4;9.8;1.6
3085;RIVES;3005;LA TOUR DU PIN;30.0;3.9;6.0;8.4;11.3;1.8
3085;RIVES;3006;LES ABRETS;45.0;5.5;8.4;12.2;16.0;2.5
3085;RIVES;3007;AIGUEBELETTE;62.0;7.2;10.9;15.3;20.2;3.4
3085;RIVES;3008;CHAMBERY NORD;72.0;9.1;14.0;20.5;27.7;4.5
3085;RIVES;3009;AIX SUD;79.0;9.7;14.7;21.0;27.7;4.5
3085;RIVES;3010;AIX NORD;86.0;10.1;16.3;22.6;30.0;4.8
3085;RIVES;3011;RUMILLY;99.0;11.3;17.5;25.3;34.1;5.5
3085;RIVES;3012;ANNECY CENTRE;112.0;13.4;20.3;29.0;39.4;6.5
3085;RIVES;3013;ANNECY NORD;117.0;13.5;20.6;29.0;39.7;6.5
3085;RIVES;3014;ALLONZIER;124.0;14.2;21.6;30.8;41.7;6.8
3085;RIVES;3015;ST MARTIN BELLEVUE A410;149.0;17.6;27.1;38.6;51.5;9.0
3085;RIVES;3020;SEYNOD SUD;106.0;11.9;18.5;26.7;35.3;5.9
3085;RIVES;3061;SAINT GENIX SUR GUIERS;49.0;6.3;9.7;14.4;19.1;2.8
3085;RIVES;3062;VILLEFONTAINE;40.0;5.5;7.8;11.7;15.0;2.4
3085;RIVES;3072;LA TOUR DU PIN EST;33.0;4.2;6.7;9.3;12.5;2.0
3085;RIVES;3083;MOIRANS NORD;15.0;1.8;2.9;4.5;6.0;0.9
3085;RIVES;3086;VOIRON;11.0;1.2;2.0;3.7;4.2;0.7
3085;RIVES;3087;VOREPPE BARRIERE;35.0;3.8;5.6;8.2;12.1;1.9
3085;RIVES;3091;CHATUZANGE BARRIERE;81.0;11.6;17.4;24.5;34.9;6.0
3085;RIVES;3092;LA BAUME D'HOSTUN;65.0;8.0;12.2;17.7;25.3;4.0
3085;RIVES;3093;SAINT MARCELLIN;52.0;6.5;9.7;14.1;19.8;3.2
3085;RIVES;3094;VINAY;42.0;5.3;7.6;11.2;15.9;2.3
3085;RIVES;3095;TULLINS;28.0;3.5;5.5;7.7;11.0;1.6
3086;VOIRON;15018;ST MARTIN BELLEVUE A41 N;154.0;23.1;38.4;55.6;71.9;11.9
3086;VOIRON;3001;ST QUENTIN FAL. BARRIERE;76.0;10.8;15.9;22.7;30.1;5.3
3086;VOIRON;3002;ST QUENTIN FAL. BRETELLE;55.0;7.1;10.9;15.7;21.9;3.6
3086;VOIRON;3003;ISLE D'ABEAU CENTRE;45.0;6.3;9.1;13.3;17.5;2.6
3086;VOIRON;3004;BOURGOIN;39.0;4.4;7.1;10.2;13.2;2.3
3086;VOIRON;3005;LA TOUR DU PIN;41.0;5.5;7.9;11.4;14.7;2.4
3086;VOIRON;3006;LES ABRETS;56.0;6.4;9.9;14.4;18.2;3.2
3086;VOIRON;3007;AIGUEBELETTE;73.0;8.5;12.4;18.0;23.6;4.0
3086;VOIRON;3008;CHAMBERY NORD;83.0;10.4;15.9;22.7;30.2;5.0
3086;VOIRON;3009;AIX SUD;90.0;10.4;16.2;23.3;31.1;5.0
3086;VOIRON;3010;AIX NORD;97.0;11.0;16.9;24.2;32.2;5.4
3086;VOIRON;3011;RUMILLY;110.0;12.2;19.2;27.2;36.3;6.1
3086;VOIRON;3012;ANNECY CENTRE;123.0;13.7;21.1;30.7;40.8;6.8
3086;VOIRON;3013;ANNECY NORD;128.0;14.3;21.7;31.1;41.7;7.1
3086;VOIRON;3014;ALLONZIER;135.0;14.9;23.1;32.9;43.8;7.4
3086;VOIRON;3015;ST MARTIN BELLEVUE A410;160.0;18.3;27.7;39.5;53.3;9.2
3086;VOIRON;3020;SEYNOD SUD;117.0;12.7;19.7;28.6;38.1;6.4
3086;VOIRON;3061;SAINT GENIX SUR GUIERS;60.0;7.4;11.6;17.2;22.8;3.8
3086;VOIRON;3062;VILLEFONTAINE;51.0;6.5;9.9;14.6;18.5;3.1
3086;VOIRON;3072;LA TOUR DU PIN EST;44.0;5.9;8.4;12.2;16.0;2.6
3086;VOIRON;3083;MOIRANS NORD;4.0;0.4;0.7;1.0;1.5;0.2
3086;VOIRON;3085;RIVES;11.0;1.2;2.0;3.7;4.2;0.7
3086;VOIRON;3087;VOREPPE BARRIERE;24.0;2.4;3.1;5.5;7.2;1.3
3086;VOIRON;3091;CHATUZANGE BARRIERE;70.0;10.9;16.0;21.9;30.6;5.2
3086;VOIRON;3092;LA BAUME D'HOSTUN;54.0;6.7;10.5;14.7;22.6;3.3
3086;VOIRON;3093;SAINT MARCELLIN;41.0;5.4;7.9;11.4;16.2;2.4
3086;VOIRON;3094;VINAY;31.0;4.0;6.0;8.5;11.8;1.9
3086;VOIRON;3095;TULLINS;17.0;2.2;3.3;4.8;7.3;1.0
3087;VOREPPE BARRIERE;15018;ST MARTIN BELLEVUE A41 N;178.0;26.2;42.8;61.3;79.3;13.7
3087;VOREPPE BARRIERE;3001;ST QUENTIN FAL. BARRIERE;100.0;13.6;21.6;30.2;40.8;6.7
3087;VOREPPE BARRIERE;3002;ST QUENTIN FAL. BRETELLE;79.0;10.9;16.8;24.3;31.9;5.3
3087;VOREPPE BARRIERE;3003;ISLE D'ABEAU CENTRE;69.0;9.2;13.5;19.2;26.0;4.7
3087;VOREPPE BARRIERE;3004;BOURGOIN;63.0;7.1;10.9;15.4;21.3;3.6
3087;VOREPPE BARRIERE;3005;LA TOUR DU PIN;65.0;8.2;12.4;17.3;23.3;4.3
3087;VOREPPE BARRIERE;3006;LES ABRETS;80.0;9.4;14.9;20.8;26.9;4.7
3087;VOREPPE BARRIERE;3007;AIGUEBELETTE;97.0;10.6;16.4;23.0;31.3;5.4
3087;VOREPPE BARRIERE;3008;CHAMBERY NORD;107.0;13.2;19.4;28.2;37.5;6.2
3087;VOREPPE BARRIERE;3009;AIX SUD;114.0;13.1;20.4;28.9;38.9;6.4
3087;VOREPPE BARRIERE;3010;AIX NORD;121.0;13.5;21.4;30.5;40.5;7.0
3087;VOREPPE BARRIERE;3011;RUMILLY;134.0;15.3;23.6;33.2;43.9;7.5
3087;VOREPPE BARRIERE;3012;ANNECY CENTRE;147.0;17.0;26.7;37.3;49.0;8.6
3087;VOREPPE BARRIERE;3013;ANNECY NORD;152.0;17.2;26.9;37.7;49.6;8.7
3087;VOREPPE BARRIERE;3014;ALLONZIER;159.0;18.0;27.5;38.6;51.2;9.2
3087;VOREPPE BARRIERE;3015;ST MARTIN BELLEVUE A410;184.0;21.6;32.5;46.1;61.8;10.8
3087;VOREPPE BARRIERE;3020;SEYNOD SUD;141.0;16.0;24.1;34.7;45.9;7.8
3087;VOREPPE BARRIERE;3061;SAINT GENIX SUR GUIERS;84.0;10.3;16.1;22.9;30.6;5.1
3087;VOREPPE BARRIERE;3062;VILLEFONTAINE;75.0;9.6;14.7;20.8;27.6;4.9
3087;VOREPPE BARRIERE;3072;LA TOUR DU PIN EST;68.0;8.5;12.9;18.1;24.1;4.2
3087;VOREPPE BARRIERE;3084;MOIRANS;19.0;1.9;2.5;4.4;5.6;1.1
3087;VOREPPE BARRIERE;3085;RIVES;35.0;3.8;5.6;8.2;12.1;1.9
3087;VOREPPE BARRIERE;3086;VOIRON;24.0;2.4;3.1;5.5;7.2;1.3
3087;VOREPPE BARRIERE;3091;CHATUZANGE BARRIERE;79.0;11.2;17.8;25.0;34.3;5.0
3087;VOREPPE BARRIERE;3092;LA BAUME D'HOSTUN;63.0;7.3;11.6;16.6;22.6;3.9
3087;VOREPPE BARRIERE;3093;SAINT MARCELLIN;50.0;6.1;8.8;12.8;17.9;3.0
3087;VOREPPE BARRIERE;3094;VINAY;40.0;4.5;6.6;9.3;12.6;2.4
3087;VOREPPE BARRIERE;3095;TULLINS;26.0;2.6;3.9;5.9;7.8;1.5
3091;CHATUZANGE BARRIERE;15018;ST MARTIN BELLEVUE A41 N;224.0;33.5;54.0;77.0;100.1;17.4
3091;CHATUZANGE BARRIERE;3001;ST QUENTIN FAL. BARRIERE;146.0;18.8;28.5;40.5;54.6;9.3
3091;CHATUZANGE BARRIERE;3002;ST QUENTIN FAL. BRETELLE;125.0;16.5;25.1;36.4;48.8;8.1
3091;CHATUZANGE BARRIERE;3003;ISLE D'ABEAU CENTRE;115.0;15.3;23.5;33.6;44.2;7.4
3091;CHATUZANGE BARRIERE;3004;BOURGOIN;109.0;15.2;22.4;31.6;43.4;7.5
3091;CHATUZANGE BARRIERE;3005;LA TOUR DU PIN;111.0;15.3;22.9;32.1;43.8;7.4
3091;CHATUZANGE BARRIERE;3006;LES ABRETS;126.0;16.5;25.0;35.3;47.0;7.8
3091;CHATUZANGE BARRIERE;3007;AIGUEBELETTE;143.0;17.2;26.7;38.0;50.2;9.0
3091;CHATUZANGE BARRIERE;3008;CHAMBERY NORD;153.0;20.1;30.3;43.3;56.4;10.1
3091;CHATUZANGE BARRIERE;3009;AIX SUD;160.0;20.5;31.4;44.8;58.6;10.2
3091;CHATUZANGE BARRIERE;3010;AIX NORD;167.0;21.0;32.9;45.3;59.5;10.6
3091;CHATUZANGE BARRIERE;3011;RUMILLY;180.0;22.2;34.5;47.6;62.9;11.0
3091;CHATUZANGE BARRIERE;3012;ANNECY CENTRE;193.0;24.7;37.1;51.9;68.8;12.3
3091;CHATUZANGE BARRIERE;3013;ANNECY NORD;198.0;25.0;37.9;53.0;71.0;12.5
3091;CHATUZANGE BARRIERE;3014;ALLONZIER;205.0;25.3;38.7;54.3;72.0;12.9
3091;CHATUZANGE BARRIERE;3015;ST MARTIN BELLEVUE A410;230.0;29.7;44.3;60.6;83.2;14.7
3091;CHATUZANGE BARRIERE;3020;SEYNOD SUD;192.0;22.7;34.8;48.3;64.4;11.2
3091;CHATUZANGE BARRIERE;3061;SAINT GENIX SUR GUIERS;135.0;17.5;26.7;37.6;50.8;8.4
3091;CHATUZANGE BARRIERE;3062;VILLEFONTAINE;121.0;15.6;24.1;35.0;45.8;7.7
3091;CHATUZANGE BARRIERE;3072;LA TOUR DU PIN EST;119.0;15.7;23.4;33.0;44.5;7.4
3091;CHATUZANGE BARRIERE;3084;MOIRANS;71.0;9.8;14.6;20.0;28.0;4.8
3091;CHATUZANGE BARRIERE;3085;RIVES;81.0;11.6;17.4;24.5;34.9;6.0
3091;CHATUZANGE BARRIERE;3086;VOIRON;70.0;10.9;16.0;21.9;30.6;5.2
3091;CHATUZANGE BARRIERE;3087;VOREPPE BARRIERE;79.0;11.2;17.8;25.0;34.3;5.0
3091;CHATUZANGE BARRIERE;3092;LA BAUME D'HOSTUN;16.0;2.6;4.0;5.7;7.4;1.2
3091;CHATUZANGE BARRIERE;3093;SAINT MARCELLIN;29.0;4.2;6.5;9.2;12.9;2.0
3091;CHATUZANGE BARRIERE;3094;VINAY;39.0;5.4;8.3;12.1;16.9;2.6
3091;CHATUZANGE BARRIERE;3095;TULLINS;53.0;7.4;11.3;16.3;22.0;3.9
3092;LA BAUME D'HOSTUN;15018;ST MARTIN BELLEVUE A41 N;208.0;29.4;48.6;69.8;91.7;15.3
3092;LA BAUME D'HOSTUN;3001;ST QUENTIN FAL. BARRIERE;130.0;16.0;24.8;35.4;47.4;7.8
3092;LA BAUME D'HOSTUN;3002;ST QUENTIN FAL. BRETELLE;109.0;13.4;20.8;29.8;42.0;6.7
3092;LA BAUME D'HOSTUN;3003;ISLE D'ABEAU CENTRE;99.0;12.2;18.9;27.6;36.6;6.0
3092;LA BAUME D'HOSTUN;3004;BOURGOIN;93.0;11.6;18.0;25.5;34.9;5.8
3092;LA BAUME D'HOSTUN;3005;LA TOUR DU PIN;95.0;11.8;18.0;26.8;35.7;5.8
3092;LA BAUME D'HOSTUN;3006;LES ABRETS;110.0;12.9;20.0;28.5;39.2;6.5
3092;LA BAUME D'HOSTUN;3007;AIGUEBELETTE;127.0;14.4;22.3;32.5;43.3;7.1
3092;LA BAUME D'HOSTUN;3008;CHAMBERY NORD;137.0;16.8;25.3;36.5;48.3;8.2
3092;LA BAUME D'HOSTUN;3009;AIX SUD;144.0;16.5;27.0;37.5;50.9;8.9
3092;LA BAUME D'HOSTUN;3010;AIX NORD;151.0;17.1;27.7;38.9;51.8;9.2
3092;LA BAUME D'HOSTUN;3011;RUMILLY;164.0;18.6;29.5;41.8;55.1;9.6
3092;LA BAUME D'HOSTUN;3012;ANNECY CENTRE;177.0;20.3;32.0;45.5;60.0;10.4
3092;LA BAUME D'HOSTUN;3013;ANNECY NORD;182.0;20.6;32.8;45.6;61.5;10.5
3092;LA BAUME D'HOSTUN;3014;ALLONZIER;189.0;21.2;33.3;47.1;63.6;10.8
3092;LA BAUME D'HOSTUN;3015;ST MARTIN BELLEVUE A410;214.0;24.4;38.0;53.7;73.3;12.1
3092;LA BAUME D'HOSTUN;3020;SEYNOD SUD;171.0;19.0;29.7;42.2;56.7;9.6
3092;LA BAUME D'HOSTUN;3061;SAINT GENIX SUR GUIERS;114.0;14.3;22.5;31.9;43.1;6.9
3092;LA BAUME D'HOSTUN;3062;VILLEFONTAINE;105.0;12.9;20.0;28.8;39.0;6.4
3092;LA BAUME D'HOSTUN;3072;LA TOUR DU PIN EST;98.0;12.0;18.6;27.5;37.0;6.0
3092;LA BAUME D'HOSTUN;3084;MOIRANS;50.0;6.2;9.7;13.3;18.4;2.8
3092;LA BAUME D'HOSTUN;3085;RIVES;65.0;8.0;12.2;17.7;25.3;4.0
3092;LA BAUME D'HOSTUN;3086;VOIRON;54.0;6.7;10.5;14.7;22.6;3.3
3092;LA BAUME D'HOSTUN;3087;VOREPPE BARRIERE;63.0;7.3;11.6;16.6;22.6;3.9
3092;LA BAUME D'HOSTUN;3091;CHATUZANGE BARRIERE;16.0;2.6;4.0;5.7;7.4;1.2
3092;LA BAUME D'HOSTUN;3093;SAINT MARCELLIN;13.0;1.6;2.4;3.8;5.1;0.7
3092;LA BAUME D'HOSTUN;3094;VINAY;24.0;2.8;4.9;6.8;9.3;1.4
3092;LA BAUME D'HOSTUN;3095;TULLINS;37.0;4.7;7.5;11.3;13.6;2.4
3093;SAINT MARCELLIN;15018;ST MARTIN BELLEVUE A41 N;195.0;28.0;45.7;66.0;86.0;14.5
3093;SAINT MARCELLIN;3001;ST QUENTIN FAL. BARRIERE;117.0;14.7;22.3;31.9;41.6;7.3
3093;SAINT MARCELLIN;3002;ST QUENTIN FAL. BRETELLE;96.0;11.8;18.3;26.2;36.2;5.9
3093;SAINT MARCELLIN;3003;ISLE D'ABEAU CENTRE;86.0;10.7;16.5;23.6;31.4;5.1
3093;SAINT MARCELLIN;3004;BOURGOIN;80.0;9.8;15.4;21.9;29.6;4.8
3093;SAINT MARCELLIN;3005;LA TOUR DU PIN;82.0;10.2;15.7;22.3;30.1;5.0
3093;SAINT MARCELLIN;3006;LES ABRETS;97.0;11.2;17.5;25.2;34.2;5.7
3093;SAINT MARCELLIN;3007;AIGUEBELETTE;114.0;12.7;19.9;28.7;37.8;6.3
3093;SAINT MARCELLIN;3008;CHAMBERY NORD;124.0;15.2;22.6;33.2;43.8;7.2
3093;SAINT MARCELLIN;3009;AIX SUD;131.0;15.1;24.3;34.1;45.4;7.4
3093;SAINT MARCELLIN;3010;AIX NORD;138.0;15.7;25.2;35.8;46.9;7.8
3093;SAINT MARCELLIN;3011;RUMILLY;151.0;17.0;26.5;37.8;50.5;9.0
3093;SAINT MARCELLIN;3012;ANNECY CENTRE;164.0;18.6;29.2;41.0;53.8;9.5
3093;SAINT MARCELLIN;3013;ANNECY NORD;169.0;18.7;30.0;41.8;55.6;9.6
3093;SAINT MARCELLIN;3014;ALLONZIER;176.0;19.8;30.4;43.3;57.9;10.0
3093;SAINT MARCELLIN;3015;ST MARTIN BELLEVUE A410;201.0;22.9;35.0;50.0;67.2;11.4
3093;SAINT MARCELLIN;3020;SEYNOD SUD;158.0;17.6;27.0;38.9;51.7;8.9
3093;SAINT MARCELLIN;3061;SAINT GENIX SUR GUIERS;101.0;12.5;19.4;28.1;38.2;6.1
3093;SAINT MARCELLIN;3062;VILLEFONTAINE;92.0;11.4;17.6;25.0;33.7;5.6
3093;SAINT MARCELLIN;3072;LA TOUR DU PIN EST;85.0;10.7;16.2;23.2;31.1;5.1
3093;SAINT MARCELLIN;3084;MOIRANS;37.0;4.4;7.1;9.7;13.7;2.1
3093;SAINT MARCELLIN;3085;RIVES;52.0;6.5;9.7;14.1;19.8;3.2
3093;SAINT MARCELLIN;3086;VOIRON;41.0;5.4;7.9;11.4;16.2;2.4
3093;SAINT MARCELLIN;3087;VOREPPE BARRIERE;50.0;6.1;8.8;12.8;17.9;3.0
3093;SAINT MARCELLIN;3091;CHATUZANGE BARRIERE;29.0;4.2;6.5;9.2;12.9;2.0
3093;SAINT MARCELLIN;3092;LA BAUME D'HOSTUN;13.0;1.6;2.4;3.8;5.1;0.7
3093;SAINT MARCELLIN;3094;VINAY;11.0;1.3;2.1;3.1;4.0;0.6
3093;SAINT MARCELLIN;3095;TULLINS;24.0;3.0;4.7;7.1;9.0;1.4
3094;VINAY;15018;ST MARTIN BELLEVUE A41 N;185.0;26.6;43.6;63.0;81.7;13.8
3094;VINAY;3001;ST QUENTIN FAL. BARRIERE;107.0;13.5;20.3;29.1;38.5;6.6
3094;VINAY;3002;ST QUENTIN FAL. BRETELLE;86.0;10.4;16.5;23.6;32.2;5.3
3094;VINAY;3003;ISLE D'ABEAU CENTRE;76.0;9.5;14.4;20.7;27.7;4.4
3094;VINAY;3004;BOURGOIN;70.0;8.6;13.3;18.7;24.4;4.2
3094;VINAY;3005;LA TOUR DU PIN;72.0;8.9;13.4;19.1;25.0;4.2
3094;VINAY;3006;LES ABRETS;87.0;10.0;15.3;21.3;28.9;5.1
3094;VINAY;3007;AIGUEBELETTE;104.0;11.7;17.8;25.9;34.2;5.7
3094;VINAY;3008;CHAMBERY NORD;114.0;13.7;20.5;30.1;40.5;6.6
3094;VINAY;3009;AIX SUD;121.0;14.0;21.9;31.1;41.0;6.8
3094;VINAY;3010;AIX NORD;128.0;14.5;22.8;32.0;42.9;7.1
3094;VINAY;3011;RUMILLY;141.0;16.0;24.6;34.8;46.1;7.8
3094;VINAY;3012;ANNECY CENTRE;154.0;17.1;26.8;38.1;50.5;8.9
3094;VINAY;3013;ANNECY NORD;159.0;17.8;27.8;38.9;51.4;9.0
3094;VINAY;3014;ALLONZIER;166.0;18.4;28.3;40.3;53.6;9.3
3094;VINAY;3015;ST MARTIN BELLEVUE A410;191.0;20.9;32.4;46.2;62.7;10.8
3094;VINAY;3020;SEYNOD SUD;148.0;16.3;25.1;35.9;47.6;8.2
3094;VINAY;3061;SAINT GENIX SUR GUIERS;91.0;11.2;17.8;25.5;34.0;5.6
3094;VINAY;3062;VILLEFONTAINE;82.0;10.1;15.7;22.1;29.0;5.0
3094;VINAY;3072;LA TOUR DU PIN EST;75.0;8.9;13.7;20.0;25.9;4.4
3094;VINAY;3084;MOIRANS;27.0;3.2;5.0;7.0;9.5;1.5
3094;VINAY;3085;RIVES;42.0;5.3;7.6;11.2;15.9;2.3
3094;VINAY;3086;VOIRON;31.0;4.0;6.0;8.5;11.8;1.9
3094;VINAY;3087;VOREPPE BARRIERE;40.0;4.5;6.6;9.3;12.6;2.4
3094;VINAY;3091;CHATUZANGE BARRIERE;39.0;5.4;8.3;12.1;16.9;2.6
3094;VINAY;3092;LA BAUME D'HOSTUN;24.0;2.8;4.9;6.8;9.3;1.4
3094;VINAY;3093;SAINT MARCELLIN;11.0;1.3;2.1;3.1;4.0;0.6
3094;VINAY;3095;TULLINS;14.0;1.8;2.5;4.2;4.8;0.8
3095;TULLINS;15018;ST MARTIN BELLEVUE A41 N;171.0;25.2;41.2;59.6;77.1;12.9
3095;TULLINS;3001;ST QUENTIN FAL. BARRIERE;93.0;11.7;17.8;25.5;32.9;6.0
3095;TULLINS;3002;ST QUENTIN FAL. BRETELLE;72.0;9.0;13.9;20.0;27.1;4.4
3095;TULLINS;3003;ISLE D'ABEAU CENTRE;62.0;7.7;11.8;17.5;22.4;3.7
3095;TULLINS;3004;BOURGOIN;56.0;6.9;10.7;15.0;19.5;3.4
3095;TULLINS;3005;LA TOUR DU PIN;58.0;7.2;10.8;15.3;20.3;3.5
3095;TULLINS;3006;LES ABRETS;73.0;8.8;12.9;19.0;24.0;4.1
3095;TULLINS;3007;AIGUEBELETTE;90.0;10.3;15.4;22.1;29.6;5.0
3095;TULLINS;3008;CHAMBERY NORD;100.0;12.1;18.2;26.5;35.1;5.8
3095;TULLINS;3009;AIX SUD;107.0;12.5;19.3;27.7;37.0;6.0
3095;TULLINS;3010;AIX NORD;114.0;12.7;20.0;28.3;39.0;6.4
3095;TULLINS;3011;RUMILLY;127.0;14.3;22.0;31.5;41.4;7.1
3095;TULLINS;3012;ANNECY CENTRE;140.0;16.1;24.4;35.0;46.3;7.8
3095;TULLINS;3013;ANNECY NORD;145.0;16.4;25.3;35.6;47.4;8.2
3095;TULLINS;3014;ALLONZIER;152.0;17.0;25.9;36.9;49.0;8.4
3095;TULLINS;3015;ST MARTIN BELLEVUE A410;177.0;19.9;30.2;43.1;57.9;10.0
3095;TULLINS;3020;SEYNOD SUD;134.0;15.3;23.1;33.0;43.7;7.4
3095;TULLINS;3061;SAINT GENIX SUR GUIERS;77.0;9.6;15.1;21.5;29.2;4.8
3095;TULLINS;3062;VILLEFONTAINE;68.0;8.4;12.9;19.1;24.8;4.3
3095;TULLINS;3072;LA TOUR DU PIN EST;61.0;7.6;11.3;16.4;21.2;3.7
3095;TULLINS;3084;MOIRANS;13.0;1.4;2.2;3.6;4.6;0.6
3095;TULLINS;3085;RIVES;28.0;3.5;5.5;7.7;11.0;1.6
3095;TULLINS;3086;VOIRON;17.0;2.2;3.3;4.8;7.3;1.0
3095;TULLINS;3087;VOREPPE BARRIERE;26.0;2.6;3.9;5.9;7.8;1.5
3095;TULLINS;3091;CHATUZANGE BARRIERE;53.0;7.4;11.3;16.3;22.0;3.9
3095;TULLINS;3092;LA BAUME D'HOSTUN;37.0;4.7;7.5;11.3;13.6;2.4
3095;TULLINS;3093;SAINT MARCELLIN;24.0;3.0;4.7;7.1;9.0;1.4
3095;TULLINS;3094;VINAY;14.0;1.8;2.5;4.2;4.8;0.8
